"lance","camp","year","estrato","velocidad","recorrido","weight.time","dista_p","abert_h"
1,"N00",2000,"A",3,2938,1,NA,NA
2,"N00",2000,"B",3.2,3053,1,NA,NA
3,"N00",2000,"B",3.1,2945,1,NA,NA
4,"N00",2000,"C",3,2633,1,NA,NA
5,"N00",2000,"B",3,2728,1,NA,NA
6,"N00",2000,"B",3,2800,1,NA,NA
7,"N00",2000,"A",3.1,2874,1,NA,NA
8,"N00",2000,"B",3.1,2878,1,NA,NA
9,"N00",2000,"B",3.1,2912,1,NA,NA
10,"N00",2000,"B",3.2,2936,1,NA,NA
11,"N00",2000,"A",3,2741,1,NA,NA
12,"N00",2000,"C",3.2,2981,1,NA,NA
13,"N00",2000,"C",2.8,2621,1,NA,NA
14,"N00",2000,"B",3,2725,1,NA,NA
15,"N00",2000,"A",3,2715,1,NA,NA
16,"N00",2000,"B",3.1,2889,1,NA,NA
17,"N00",2000,"B",2.9,2650,1,NA,NA
18,"N00",2000,"C",2.9,2579,1,NA,NA
19,"N00",2000,"C",2.9,2677,1,NA,NA
20,"N00",2000,"B",3,2812,1,NA,NA
21,"N00",2000,"C",2.9,2751,1,NA,NA
22,"N00",2000,"C",3,2733,1,NA,NA
23,"N00",2000,"B",2.9,2679,1,NA,NA
24,"N00",2000,"B",2.8,2498,1,NA,NA
25,"N00",2000,"C",2.6,2328,1,NA,NA
26,"N00",2000,"C",3,2712,1,NA,NA
27,"N00",2000,"B",2.8,2499,1,NA,NA
28,"N00",2000,NA,2.8,3231,1.333,NA,NA
29,"N00",2000,"C",2.9,2576,1,NA,NA
30,"N00",2000,"C",2.8,2570,1,NA,NA
31,"N00",2000,"C",3,2808,1,NA,NA
32,"N00",2000,"C",3.1,2947,1,NA,NA
33,"N00",2000,"B",3.1,2948,1,NA,NA
34,"N00",2000,"C",3.1,2835,1,NA,NA
35,"N00",2000,"C",3.2,2945,1,NA,NA
36,"N00",2000,NA,2.8,3035,1.167,NA,NA
37,"N00",2000,"C",2.9,2528,1,NA,NA
38,"N00",2000,"C",3,2799,1,NA,NA
39,"N00",2000,"C",2.9,2649,1,NA,NA
40,"N00",2000,"B",3,2868,1,NA,NA
41,"N00",2000,"B",3.1,2873,1,NA,NA
42,"N00",2000,"B",3.1,2946,1,NA,NA
43,"N00",2000,"B",3.1,2868,1,NA,NA
44,"N00",2000,"B",3.1,2988,1,NA,NA
45,"N00",2000,"B",3.1,2934,1,NA,NA
46,"N00",2000,"B",3.2,2971,1,NA,NA
47,"N00",2000,"B",3,2810,1,NA,NA
48,"N00",2000,"B",2.9,2624,1,NA,NA
49,"N00",2000,"A",3.2,3020,1,NA,NA
50,"N00",2000,"B",3.4,3237,1,NA,NA
51,"N00",2000,"B",3.1,2842,1,NA,NA
52,"N00",2000,"C",2.9,2628,1,NA,NA
53,"N00",2000,"C",3.2,2895,1,NA,NA
54,"N00",2000,"A",3.2,2994,1,NA,NA
55,"N00",2000,"A",3.1,2886,1,NA,NA
56,"N00",2000,"B",3,2810,1,NA,NA
57,"N00",2000,"B",3,2834,1,NA,NA
58,"N00",2000,"A",3.3,3074,1,NA,NA
59,"N00",2000,"B",3.2,2905,1,NA,NA
60,"N00",2000,"B",3.1,2802,1,NA,NA
61,"N00",2000,"B",3.3,3138,1,NA,NA
62,"N00",2000,"B",3.2,2927,1,NA,NA
63,"N00",2000,NA,3.2,2859,1,NA,NA
64,"N00",2000,"A",3.2,2884,1,NA,NA
65,"N00",2000,"C",3.1,2872,1,NA,NA
66,"N00",2000,"B",3,2699,1,NA,NA
68,"N00",2000,"B",3.1,2843,1,NA,NA
69,"N00",2000,"B",3,2737,1,NA,NA
70,"N00",2000,"A",3,2682,1,NA,NA
71,"N00",2000,"B",3,2783,1,NA,NA
72,"N00",2000,"B",3,2784,1,NA,NA
73,"N00",2000,"B",3.1,2786,1,NA,NA
74,"N00",2000,"A",3,2830,1,NA,NA
75,"N00",2000,"B",3,2753,1,NA,NA
76,"N00",2000,"C",3.1,2775,1,NA,NA
77,"N00",2000,NA,3,2673,1,NA,NA
78,"N00",2000,"C",3,2688,1,NA,NA
79,"N00",2000,"B",3,2751,1,NA,NA
80,"N00",2000,"B",3.1,2859,1,NA,NA
81,"N00",2000,"C",3.2,2921,1,NA,NA
82,"N00",2000,"B",3,2708,1,NA,NA
83,"N00",2000,"C",3,2686,1,NA,NA
84,"N00",2000,"B",3.1,2809,1,NA,NA
85,"N00",2000,"B",3,2807,1,NA,NA
86,"N00",2000,"C",3.1,2808,1,NA,NA
87,"N00",2000,"B",3,2776,1,NA,NA
88,"N00",2000,"A",3,2734,1,NA,NA
89,"N00",2000,"A",3,2760,1,NA,NA
90,"N00",2000,"B",3,2789,1,NA,NA
91,"N00",2000,"B",3,2769,1,NA,NA
92,"N00",2000,"A",3,2743,1,NA,NA
93,"N00",2000,"B",3,2768,1,NA,NA
94,"N00",2000,"C",2.9,2630,1,NA,NA
95,"N00",2000,"C",2.9,2626,1,NA,NA
96,"N00",2000,NA,3,3208,1.167,NA,NA
97,"N00",2000,"B",3,2788,1,NA,NA
98,"N00",2000,"B",3,2850,1,NA,NA
99,"N00",2000,"C",3,2785,1,NA,NA
100,"N00",2000,"B",3,2845,1,NA,NA
101,"N00",2000,NA,3,3641,1.333,NA,NA
102,"N00",2000,"B",3,2719,1,NA,NA
103,"N00",2000,"A",3,2742,1,NA,NA
104,"N00",2000,"A",2.9,2666,1,NA,NA
105,"N00",2000,"A",3,2652,1,NA,NA
106,"N00",2000,NA,3,2891,1,NA,NA
107,"N00",2000,"C",3,2791,1,NA,NA
108,"N00",2000,"B",3.1,2973,1,NA,NA
109,"N00",2000,NA,3,2757,1,NA,NA
110,"N00",2000,"A",2.9,2597,1,NA,NA
111,"N00",2000,"B",2.9,2712,1,NA,NA
112,"N00",2000,"C",3.1,2885,1,NA,NA
113,"N00",2000,"B",3,2812,1,NA,NA
114,"N00",2000,"C",3,2482,0.833,NA,NA
115,"N00",2000,"C",3.1,2665,1,NA,NA
116,"N00",2000,"B",2.9,2723,1,NA,NA
117,"N00",2000,"A",3,2698,1,NA,NA
118,"N00",2000,"A",3,2775,1,NA,NA
119,"N00",2000,"A",3,2692,1,NA,NA
120,"N00",2000,"B",2.9,2658,1,NA,NA
121,"N00",2000,"B",3,2815,1,NA,NA
122,"N00",2000,"B",3,2758,1,NA,NA
1,"N01",2001,"A",2.8,2702,1,NA,NA
2,"N01",2001,"B",2.8,2621,1,NA,NA
3,"N01",2001,"A",3,2896,1,NA,NA
4,"N01",2001,"B",3,2762,1,NA,NA
5,"N01",2001,"B",3,2738,1,NA,NA
6,"N01",2001,"C",3,2730,1,NA,NA
7,"N01",2001,"B",3,2681,1,NA,NA
8,"N01",2001,"A",3.1,2887,1,NA,NA
9,"N01",2001,"B",3,2782,1,NA,NA
10,"N01",2001,"B",3,2408,1,NA,NA
11,"N01",2001,"B",3,2806,1,NA,NA
12,"N01",2001,"C",2.7,2776,1,NA,NA
13,"N01",2001,NA,2.9,2681,1,NA,NA
14,"N01",2001,"C",3.1,2816,1,NA,NA
15,"N01",2001,"B",3,2687,1,NA,NA
16,"N01",2001,"C",3,2650,1,NA,NA
17,"N01",2001,NA,3,2658,1,NA,NA
18,"N01",2001,"B",2.9,2631,1,NA,NA
19,"N01",2001,"B",3,2762,1,NA,NA
20,"N01",2001,"A",2.8,2684,1,NA,NA
21,"N01",2001,"B",3.1,2835,1,NA,NA
22,"N01",2001,"C",2.9,2694,1,NA,NA
23,"N01",2001,"B",3.1,2859,1,NA,NA
24,"N01",2001,"B",3,2786,1,NA,NA
25,"N01",2001,"B",3,2795,1,NA,NA
26,"N01",2001,"B",3.1,2834,1,NA,NA
27,"N01",2001,"B",2.9,2683,1,NA,NA
28,"N01",2001,"B",2.8,2590,1,NA,NA
29,"N01",2001,"A",3,2734,1,NA,NA
30,"N01",2001,"A",3,2777,1,NA,NA
31,"N01",2001,"A",2.8,2631,1,NA,NA
32,"N01",2001,"B",3,2796,1,NA,NA
33,"N01",2001,"B",3,2742,1,NA,NA
34,"N01",2001,"C",3,2779,1,NA,NA
35,"N01",2001,"C",3,2755,1,NA,NA
36,"N01",2001,"B",3,2932,1,NA,NA
37,"N01",2001,"C",3,2766,1,NA,NA
38,"N01",2001,"B",3,2813,1,NA,NA
39,"N01",2001,"C",3,2743,1,NA,NA
40,"N01",2001,"B",3,2702,1,NA,NA
41,"N01",2001,"B",2.9,2721,1,NA,NA
42,"N01",2001,"C",3,2703,1,NA,NA
43,"N01",2001,"B",3.1,2834,1,NA,NA
44,"N01",2001,"B",3,2739,1,NA,NA
45,"N01",2001,"B",2.9,2655,1,NA,NA
46,"N01",2001,"B",3,2703,1,NA,NA
47,"N01",2001,"C",3.1,2838,1,NA,NA
48,"N01",2001,"A",3,2765,1,NA,NA
49,"N01",2001,"B",3,2751,1,NA,NA
50,"N01",2001,"B",3,2762,1,NA,NA
51,"N01",2001,"B",3,2749,1,NA,NA
52,"N01",2001,"B",3.2,2929,1,NA,NA
53,"N01",2001,"C",2.9,2707,1,NA,NA
54,"N01",2001,"C",2.7,2501,1,NA,NA
55,"N01",2001,"C",2.8,2551,1,NA,NA
56,"N01",2001,"C",2.8,2583,1,NA,NA
57,"N01",2001,"C",2.9,2676,1,NA,NA
58,"N01",2001,"B",3.1,2790,1,NA,NA
59,"N01",2001,"C",3,2714,1,NA,NA
60,"N01",2001,"C",2.9,2730,1,NA,NA
61,"N01",2001,"C",3,2801,1,NA,NA
62,"N01",2001,"B",3,2762,1,NA,NA
63,"N01",2001,"A",3,2775,1,NA,NA
64,"N01",2001,"B",2.9,2707,1,NA,NA
65,"N01",2001,"B",2.9,2676,1,NA,NA
66,"N01",2001,"B",3,2725,1,NA,NA
67,"N01",2001,"A",3,2784,1,NA,NA
68,"N01",2001,"B",3,2758,1,NA,NA
69,"N01",2001,"C",2.8,2585,1,NA,NA
70,"N01",2001,NA,3,2796,1,NA,NA
71,"N01",2001,"A",3,2720,1,NA,NA
72,"N01",2001,"C",3,2734,1,NA,NA
73,"N01",2001,"C",2.9,2712,1,NA,NA
74,"N01",2001,"B",2.9,2658,1,NA,NA
75,"N01",2001,NA,3,2668,1,NA,NA
76,"N01",2001,"C",3,2710,1,NA,NA
77,"N01",2001,"B",3.1,2656,1,NA,NA
78,"N01",2001,"B",3,2731,1,NA,NA
79,"N01",2001,"B",3,2783,1,NA,NA
80,"N01",2001,"B",3,2771,1,NA,NA
81,"N01",2001,"C",3,2719,1,NA,NA
82,"N01",2001,"B",2.9,2700,1,NA,NA
83,"N01",2001,"B",3,2823,1,NA,NA
84,"N01",2001,"A",3,2774,1,NA,NA
85,"N01",2001,"B",3,2666,1,NA,NA
86,"N01",2001,"B",3,2817,1,NA,NA
87,"N01",2001,"C",3,2735,1,NA,NA
88,"N01",2001,NA,3,3201,1.167,NA,NA
89,"N01",2001,"A",3,2780,1,NA,NA
90,"N01",2001,"B",3,2767,1,NA,NA
91,"N01",2001,"C",3,2793,1,NA,NA
92,"N01",2001,"C",2.9,2722,1,NA,NA
93,"N01",2001,"B",3,2766,1,NA,NA
94,"N01",2001,"B",3,2751,1,NA,NA
95,"N01",2001,NA,3,3251,1.167,NA,NA
96,"N01",2001,"C",3,2755,1,NA,NA
97,"N01",2001,"A",3,2807,1,NA,NA
98,"N01",2001,"A",3,2749,1,NA,NA
99,"N01",2001,"B",3,2717,1,NA,NA
100,"N01",2001,"B",3,2788,1,NA,NA
101,"N01",2001,"B",3.1,2897,1,NA,NA
102,"N01",2001,"A",3.1,2819,1,NA,NA
103,"N01",2001,"A",3,2821,1,NA,NA
104,"N01",2001,NA,3,2734,1,NA,NA
105,"N01",2001,"B",3,2755,1,NA,NA
106,"N01",2001,"C",2.9,2691,1,NA,NA
107,"N01",2001,NA,3,2789,1,NA,NA
108,"N01",2001,"A",3,2842,1,NA,NA
109,"N01",2001,"B",3,3070,1,NA,NA
110,"N01",2001,"C",3,2751,1,NA,NA
111,"N01",2001,"B",3,2768,1,NA,NA
112,"N01",2001,"B",2.9,2669,1,NA,NA
113,"N01",2001,"B",3,2751,1,NA,NA
114,"N01",2001,"A",3,2755,1,NA,NA
115,"N01",2001,"A",3,2760,1,NA,NA
116,"N01",2001,"C",3,2820,1,NA,NA
117,"N01",2001,"B",3,2749,1,NA,NA
118,"N01",2001,"A",3,2784,1,NA,NA
119,"N01",2001,NA,3,3216,1.167,NA,NA
120,"N01",2001,"C",3,2653,1,NA,NA
121,"N01",2001,"C",3,2726,1,NA,NA
122,"N01",2001,"B",3,2738,1,NA,NA
1,"N02",2002,"A",3.2,2756,1,NA,NA
2,"N02",2002,"B",3.1,3316,1.167,NA,NA
3,"N02",2002,"B",3,2761,1,NA,NA
4,"N02",2002,"A",3,2706,1.033,NA,NA
5,"N02",2002,"A",3.1,2897,1,NA,NA
6,"N02",2002,"B",3.1,2780,1,NA,NA
8,"N02",2002,"B",2.9,2636,1,NA,NA
9,"N02",2002,"C",3,2760,1,NA,NA
10,"N02",2002,"B",3.1,2889,0.967,NA,NA
11,"N02",2002,"B",3,2998,0.933,NA,NA
12,"N02",2002,NA,2.9,2706,1,NA,NA
13,"N02",2002,"C",3,2656,1,NA,NA
14,"N02",2002,"B",3.1,2853,1,NA,NA
15,"N02",2002,"B",3,2745,1,NA,NA
16,"N02",2002,"C",3,2834,1,NA,NA
17,"N02",2002,"A",3.1,2881,1,NA,NA
18,"N02",2002,"B",3.1,2881,1,NA,NA
19,"N02",2002,NA,2.8,0,0.633,NA,NA
20,"N02",2002,"C",3,2822,1,NA,NA
21,"N02",2002,"B",3.2,2963,1,NA,NA
22,"N02",2002,"C",3,2800,1,NA,NA
23,"N02",2002,"B",3,2781,1,NA,NA
24,"N02",2002,"C",3,2851,0.967,NA,NA
25,"N02",2002,"C",3,2777,1,NA,NA
26,"N02",2002,"B",3.1,2841,1,NA,NA
27,"N02",2002,"B",3,2729,1,NA,NA
28,"N02",2002,"C",3,2670,1,NA,NA
29,"N02",2002,NA,2.8,2616,1,NA,NA
30,"N02",2002,"C",3,2655,1.033,NA,NA
31,"N02",2002,"C",3,2731,1,NA,NA
32,"N02",2002,"C",2.8,2659,1,NA,NA
33,"N02",2002,"C",3,2760,1,NA,NA
34,"N02",2002,NA,2.8,2579,1,NA,NA
35,"N02",2002,"C",2.9,2701,1,NA,NA
36,"N02",2002,"C",3,2642,1,NA,NA
37,"N02",2002,"B",2.9,2693,1,NA,NA
39,"N02",2002,"B",2.9,2668,1,NA,NA
40,"N02",2002,"B",3,2779,1,NA,NA
41,"N02",2002,"C",2.9,2728,1,NA,NA
42,"N02",2002,"B",3,2685,1.033,NA,NA
43,"N02",2002,"B",3,2752,1,NA,NA
44,"N02",2002,"B",3,2778,1,NA,NA
45,"N02",2002,"C",2.9,2692,1,NA,NA
46,"N02",2002,"C",3.1,2828,1,NA,NA
47,"N02",2002,"C",2.8,2545,1,NA,NA
48,"N02",2002,"C",3.2,2945,1,NA,NA
49,"N02",2002,"B",3,2721,1,NA,NA
50,"N02",2002,"B",3,2758,1,NA,NA
51,"N02",2002,"B",2.8,2648,1,NA,NA
52,"N02",2002,"B",3,2720,1,NA,NA
53,"N02",2002,"A",3,2711,1,NA,NA
54,"N02",2002,"B",2.9,2671,1,NA,NA
55,"N02",2002,"B",3,2741,1,NA,NA
56,"N02",2002,"B",2.9,2586,1,NA,NA
57,"N02",2002,"A",2.9,2702,1,NA,NA
58,"N02",2002,"A",3.1,2815,1,NA,NA
59,"N02",2002,"B",3,2817,1,NA,NA
60,"N02",2002,"A",3.1,2851,1,NA,NA
61,"N02",2002,"B",3,2696,1,NA,NA
62,"N02",2002,"B",3.1,2878,1,NA,NA
63,"N02",2002,"A",2.9,2895,1,NA,NA
64,"N02",2002,"A",3.2,2932,1,NA,NA
65,"N02",2002,"B",3,2725,1,NA,NA
66,"N02",2002,"B",3.1,2790,1,NA,NA
67,"N02",2002,"B",3,2768,1,NA,NA
68,"N02",2002,"B",3.1,2896,1,NA,NA
69,"N02",2002,"B",3,2718,1,NA,NA
70,"N02",2002,"B",2.8,2643,1,NA,NA
71,"N02",2002,"B",2.9,2680,1,NA,NA
72,"N02",2002,"B",3,2778,1,NA,NA
73,"N02",2002,"B",3,2754,1,NA,NA
74,"N02",2002,"C",2.9,2700,1,NA,NA
75,"N02",2002,NA,2.9,3046,1.167,NA,NA
76,"N02",2002,"C",3,2804,1,NA,NA
77,"N02",2002,"A",3,2718,1,NA,NA
78,"N02",2002,NA,3,2757,0.967,NA,NA
79,"N02",2002,"C",3,3083,1,NA,NA
80,"N02",2002,"B",3,2730,1,NA,NA
81,"N02",2002,"C",3,2468,1,NA,NA
82,"N02",2002,"A",2.9,2742,1,NA,NA
83,"N02",2002,"B",3,2769,1,NA,NA
84,"N02",2002,"A",3,2656,1,NA,NA
85,"N02",2002,"B",3,2796,1,NA,NA
86,"N02",2002,"C",3,2764,1,NA,NA
87,"N02",2002,"C",3,2801,1,NA,NA
88,"N02",2002,"B",3,2779,1,NA,NA
89,"N02",2002,"B",3.1,2816,1,NA,NA
90,"N02",2002,NA,3,3233,1.167,NA,NA
91,"N02",2002,"C",3,2794,1,NA,NA
92,"N02",2002,"B",3.1,2848,1,NA,NA
93,"N02",2002,"B",3,2947,1,NA,NA
94,"N02",2002,"C",3,2816,1,NA,NA
95,"N02",2002,NA,3,3299,1.167,NA,NA
96,"N02",2002,"B",3,2825,1,NA,NA
97,"N02",2002,"B",3.1,2869,1,NA,NA
98,"N02",2002,"B",3,2771,1,NA,NA
99,"N02",2002,"A",3,2723,1,NA,NA
100,"N02",2002,"C",3,2757,1,NA,NA
101,"N02",2002,"A",3,2759,1,NA,NA
102,"N02",2002,"B",3,2745,1,NA,NA
103,"N02",2002,"A",3,2762,1,NA,NA
104,"N02",2002,NA,3,2794,1,NA,NA
105,"N02",2002,"A",3,2723,1,NA,NA
106,"N02",2002,"B",3,2745,1,NA,NA
107,"N02",2002,"C",3.1,2840,1,NA,NA
108,"N02",2002,"B",3,2764,1,NA,NA
109,"N02",2002,"B",3,2729,1,NA,NA
110,"N02",2002,"A",3,2822,1,NA,NA
111,"N02",2002,"A",3,2753,1,NA,NA
112,"N02",2002,"A",3,2745,1,NA,NA
113,"N02",2002,"B",3,2734,1,NA,NA
114,"N02",2002,"B",3,2736,1,NA,NA
115,"N02",2002,"B",3,2786,1,NA,NA
116,"N02",2002,"C",3.1,2854,1,NA,NA
117,"N02",2002,"C",3,2705,1,NA,NA
118,"N02",2002,"C",3,2713,1,NA,NA
119,"N02",2002,"B",3,2789,1,NA,NA
120,"N02",2002,"C",3,2693,1,NA,NA
121,"N02",2002,NA,3,2717,1,NA,NA
1,"N03",2003,"A",2.9,2747,1,NA,NA
2,"N03",2003,"B",3,2732,1,NA,NA
3,"N03",2003,"C",3,2801,1,NA,NA
4,"N03",2003,"B",2.9,2732,1,NA,NA
5,"N03",2003,"C",3,2729,1,NA,NA
6,"N03",2003,"B",3,2826,1,NA,NA
7,"N03",2003,"A",2.8,2574,1,NA,NA
8,"N03",2003,"A",3,2751,1,NA,NA
9,"N03",2003,"B",3,2876,1,NA,NA
10,"N03",2003,"B",2.9,2704,1,NA,NA
11,"N03",2003,"B",3,2777,1,NA,NA
12,"N03",2003,"B",3,2743,1,NA,NA
13,"N03",2003,"A",3,2744,1,NA,NA
14,"N03",2003,"B",3,2696,1.033,NA,NA
15,"N03",2003,"C",3,2776,1,NA,NA
16,"N03",2003,"C",3.1,2894,1,NA,NA
17,"N03",2003,"B",3.1,2877,1,NA,NA
18,"N03",2003,"A",2.9,2662,1,NA,NA
19,"N03",2003,"B",3,2779,1,NA,NA
20,"N03",2003,"C",2.6,2415,0.967,NA,NA
21,"N03",2003,"B",2.9,2671,1,NA,NA
22,"N03",2003,"C",2.8,2590,1,NA,NA
23,"N03",2003,"A",2.9,2682,1,NA,NA
24,"N03",2003,"B",3,2657,1,NA,NA
25,"N03",2003,"C",3.1,2844,1,NA,NA
26,"N03",2003,"B",3,2774,1,NA,NA
27,"N03",2003,"C",3,2766,1,NA,NA
28,"N03",2003,"C",2.8,2594,1,NA,NA
29,"N03",2003,"C",3,2745,1,NA,NA
30,"N03",2003,"B",2.9,2699,1,NA,NA
31,"N03",2003,"B",3,2702,1,NA,NA
32,"N03",2003,"C",3.1,2857,1,NA,NA
33,"N03",2003,NA,2.8,3450,1.333,NA,NA
34,"N03",2003,"C",3,2802,1,NA,NA
35,"N03",2003,NA,3,3613,1.333,NA,NA
36,"N03",2003,"C",3,2730,1,NA,NA
37,"N03",2003,"C",3,2790,1,NA,NA
38,"N03",2003,"C",2.9,2660,1,NA,NA
39,"N03",2003,"C",3,2808,1,NA,NA
40,"N03",2003,"C",3,2707,1,NA,NA
41,"N03",2003,"C",3,2770,1,NA,NA
42,"N03",2003,"C",3,2747,1,NA,NA
43,"N03",2003,"B",3,2716,1,NA,NA
44,"N03",2003,"B",3.1,2819,1,NA,NA
45,"N03",2003,"B",3,2780,1,NA,NA
46,"N03",2003,"A",3.1,2828,1,NA,NA
47,"N03",2003,"B",3.2,2941,1,NA,NA
48,"N03",2003,"B",3.2,2979,1,NA,NA
49,"N03",2003,"C",3.3,3005,1,NA,NA
50,"N03",2003,"B",3.1,2883,1,NA,NA
51,"N03",2003,"B",3.1,2833,1,NA,NA
52,"N03",2003,"B",3.1,2844,1,NA,NA
53,"N03",2003,"B",3,2777,1,NA,NA
54,"N03",2003,"B",3,2802,1,NA,NA
55,"N03",2003,"B",3,2780,1,NA,NA
56,"N03",2003,"B",3,2785,1,NA,NA
57,"N03",2003,"B",3,2695,1,NA,NA
58,"N03",2003,"B",3.1,2816,1,NA,NA
59,"N03",2003,"A",3,2786,1,NA,NA
60,"N03",2003,"A",3,2730,1,NA,NA
61,"N03",2003,"B",3.1,2840,1,NA,NA
62,"N03",2003,"C",2.9,2671,1,NA,NA
63,"N03",2003,"B",3,2841,1,NA,NA
64,"N03",2003,"B",3.1,2765,1,NA,NA
65,"N03",2003,"B",3,2731,1,NA,NA
66,"N03",2003,"A",3.1,2823,1,NA,NA
67,"N03",2003,"B",3,2758,1,NA,NA
68,"N03",2003,"B",3,2817,1,NA,NA
69,"N03",2003,"B",3,2771,1,NA,NA
70,"N03",2003,"B",3,2823,1,NA,NA
71,"N03",2003,"A",3,2790,1,NA,NA
72,"N03",2003,"A",3,2751,1,NA,NA
73,"N03",2003,"B",3,2748,1,NA,NA
74,"N03",2003,"B",3,2736,1,NA,NA
75,"N03",2003,"B",3,2780,1,NA,NA
76,"N03",2003,NA,3,3189,1.167,NA,NA
77,"N03",2003,"C",2.9,2633,1,NA,NA
78,"N03",2003,"C",2.9,2717,1,NA,NA
79,"N03",2003,"C",3,2780,1,NA,NA
80,"N03",2003,"A",3,2765,1,NA,NA
81,"N03",2003,NA,3,2767,1,NA,NA
82,"N03",2003,"B",3,2771,1,NA,NA
83,"N03",2003,"B",2.9,2736,1,NA,NA
84,"N03",2003,"B",3,2771,1,NA,NA
85,"N03",2003,"B",3,2764,1,NA,NA
86,"N03",2003,"A",3,2789,1,NA,NA
87,"N03",2003,"C",2.9,2706,1,NA,NA
88,"N03",2003,"C",3,2748,1,NA,NA
89,"N03",2003,"B",3,2792,1,NA,NA
90,"N03",2003,"C",3,2735,1,NA,NA
91,"N03",2003,"B",3,2734,1,NA,NA
92,"N03",2003,NA,2.9,3067,1.167,NA,NA
93,"N03",2003,"C",2.9,2652,1,NA,NA
94,"N03",2003,"B",3,2783,1,NA,NA
95,"N03",2003,"B",3,2735,1,NA,NA
96,"N03",2003,"A",3,2745,1,NA,NA
97,"N03",2003,"B",2.9,2680,1,NA,NA
98,"N03",2003,NA,3,3250,1.167,NA,NA
99,"N03",2003,"C",3,2740,1,NA,NA
100,"N03",2003,"A",3,2793,1,NA,NA
101,"N03",2003,"A",2.9,2685,1,NA,NA
102,"N03",2003,"B",3,2741,1,NA,NA
103,"N03",2003,"B",3.1,2883,1,NA,NA
104,"N03",2003,"B",2.9,2728,1,NA,NA
105,"N03",2003,"C",2.9,2710,1,NA,NA
106,"N03",2003,NA,2.9,2651,1,NA,NA
107,"N03",2003,NA,2.9,2711,1,NA,NA
108,"N03",2003,"A",3,2769,1,NA,NA
109,"N03",2003,"B",3,2730,1,NA,NA
110,"N03",2003,"C",2.9,2674,1,NA,NA
111,"N03",2003,"C",2.9,2638,1,NA,NA
112,"N03",2003,"B",3,2730,1,NA,NA
113,"N03",2003,"B",3,2744,1,NA,NA
114,"N03",2003,"A",3,2747,1,NA,NA
115,"N03",2003,"A",2.9,2679,1,NA,NA
116,"N03",2003,"B",3,2794,1,NA,NA
117,"N03",2003,"A",3,2786,1,NA,NA
118,"N03",2003,"C",3,2772,1,NA,NA
119,"N03",2003,"C",3,2748,1,NA,NA
120,"N03",2003,"B",3.1,2852,1,NA,NA
1,"N04",2004,"A",2.9,2738,1,NA,NA
2,"N04",2004,"A",2.9,2692,1,NA,NA
3,"N04",2004,"B",2.9,2667,1,NA,NA
4,"N04",2004,"B",2.9,2724,1,NA,NA
5,"N04",2004,"B",3,2810,1,NA,NA
6,"N04",2004,"C",2.9,2653,1,NA,NA
7,"N04",2004,"B",2.9,2702,1,NA,NA
8,"N04",2004,"B",3,2749,1,NA,NA
9,"N04",2004,"A",3,2648,1,NA,NA
10,"N04",2004,"B",3,2820,1,NA,NA
11,"N04",2004,"C",2.9,2676,1,NA,NA
12,"N04",2004,"B",2.7,2518,1,NA,NA
13,"N04",2004,"A",2.9,2669,1,NA,NA
14,"N04",2004,"B",3,2692,1,NA,NA
15,"N04",2004,"C",2.9,2680,1,NA,20.3
16,"N04",2004,"C",2.9,2661,1,NA,19.8
17,"N04",2004,"A",2.9,2645,1,NA,17.4
18,"N04",2004,"B",2.9,2673,1,NA,NA
19,"N04",2004,"B",3,2706,1,NA,18.9
20,"N04",2004,"C",2.9,2727,1,NA,21.1
21,"N04",2004,"B",3.1,2833,1,NA,NA
22,"N04",2004,"C",3,2704,1,NA,NA
23,"N04",2004,"B",3,2825,1,NA,NA
24,"N04",2004,"C",2.9,2647,1,NA,NA
25,"N04",2004,"B",2.8,2550,1,NA,20.3
26,"N04",2004,"C",2.9,2704,1,NA,19.2
27,"N04",2004,"A",3,2786,1,NA,NA
28,"N04",2004,"B",2.9,2673,1,NA,18.6
29,"N04",2004,"C",2.8,2619,1,NA,18.4
30,"N04",2004,"C",3,2781,1,NA,18.8
31,"N04",2004,"C",3,2804,1,NA,NA
32,"N04",2004,NA,2.8,3148,1.2,NA,19.3
33,"N04",2004,"C",3,2558,1,NA,17.8
34,"N04",2004,"C",3,2766,1,NA,21.3
35,"N04",2004,"C",2.9,2670,1,NA,20
36,"N04",2004,"C",2.9,2708,1.033,NA,19.2
37,"N04",2004,NA,2.8,2972,1.167,NA,16.2
38,"N04",2004,"C",2.9,2765,1,NA,18.8
39,"N04",2004,"B",3,2742,1,NA,17.5
40,"N04",2004,"A",3.1,2899,1,NA,16.1
41,"N04",2004,"B",2.9,2710,1,NA,19.6
42,"N04",2004,"B",3,2814,1,NA,19.1
43,"N04",2004,"B",3.1,2904,1,NA,18.9
44,"N04",2004,"B",3.1,2854,1,NA,18.3
45,"N04",2004,"A",3.1,2899,1,NA,16.3
46,"N04",2004,"B",3,2738,1,NA,NA
47,"N04",2004,"B",3,2767,1,NA,18.4
48,"N04",2004,"B",3,2770,1,NA,17.4
49,"N04",2004,"B",3,2762,1,NA,NA
50,"N04",2004,"C",3,2797,1,NA,19
51,"N04",2004,"C",2.9,2690,1,NA,20.8
52,"N04",2004,"B",2.9,2726,1,NA,19.9
53,"N04",2004,"B",3,2762,1,NA,20
54,"N04",2004,"C",2.8,2587,1,NA,20.1
55,"N04",2004,"C",3,2800,1,NA,20.1
56,"N04",2004,"B",3,2791,1,NA,20.7
57,"N04",2004,"B",3,2774,1,NA,19.7
58,"N04",2004,"B",3,2709,1,NA,NA
59,"N04",2004,"A",3,2781,1,NA,17.9
60,"N04",2004,"B",3,2776,1,NA,19
61,"N04",2004,"B",3,2721,1,NA,19.3
62,"N04",2004,"B",3,2826,1,NA,NA
63,"N04",2004,"B",3,2723,1,NA,19.3
64,"N04",2004,"B",3,2742,1,NA,18
65,"N04",2004,"A",3,2748,1,NA,18.2
66,"N04",2004,"B",3,2785,1,NA,19.2
67,"N04",2004,"B",3,2722,1,NA,18.5
68,"N04",2004,"B",3.1,2444,0.867,NA,18.8
69,"N04",2004,"A",3,2797,1,NA,17.2
70,"N04",2004,"B",3,2810,1,NA,19.2
71,"N04",2004,"B",3,2734,1,NA,17.8
72,"N04",2004,"C",2.9,2757,1,NA,19.7
73,"N04",2004,"B",3.2,3439,1.167,NA,18.2
74,"N04",2004,"C",3,2709,1,NA,20.4
75,"N04",2004,NA,2.9,3132,1.167,NA,21.9
76,"N04",2004,NA,3,2824,1,NA,NA
77,"N04",2004,"A",3,2817,1,NA,17
78,"N04",2004,"B",3,2773,1,NA,17.2
79,"N04",2004,"B",3,2786,1,NA,16.3
80,"N04",2004,"C",3,2780,1,NA,19.7
81,"N04",2004,"B",3.5,3709,1.167,NA,18.5
82,"N04",2004,"C",3,2717,1,NA,18
83,"N04",2004,"A",3,2809,1,NA,15.5
84,"N04",2004,"B",3,2767,1,NA,16.1
85,"N04",2004,"C",3,2792,1,NA,20.4
86,"N04",2004,"B",3,2733,1,NA,21.4
87,"N04",2004,"B",3,2744,1,NA,NA
88,"N04",2004,"A",3,2683,1,NA,17.7
89,"N04",2004,"B",3,2763,1,NA,18.8
90,"N04",2004,"B",3,1708,0.667,NA,20.5
91,"N04",2004,"C",3.1,2823,1,NA,20
92,"N04",2004,"C",2.9,2689,1,NA,19.9
93,"N04",2004,NA,3,2796,1,NA,NA
94,"N04",2004,"A",3,2762,1,NA,NA
95,"N04",2004,"B",3,2791,1,NA,18.7
96,"N04",2004,"C",3,2765,1,NA,19.6
97,"N04",2004,"B",3.1,2812,1,NA,16.8
98,"N04",2004,"C",3,2775,1,NA,20.6
99,"N04",2004,"C",3.1,2596,0.933,NA,18.4
100,"N04",2004,"B",3,2803,1,NA,18.5
101,"N04",2004,"A",3,2788,1,NA,16.8
102,"N04",2004,"B",3,2735,1,NA,18.5
103,"N04",2004,"B",3,2758,1,NA,17.1
104,"N04",2004,"C",3,2815,1,NA,19.2
105,"N04",2004,"B",3,2723,1,NA,18.2
106,"N04",2004,"A",3,2796,1,NA,16.2
107,"N04",2004,"B",3,2789,1,NA,17.6
108,"N04",2004,"C",2.9,2844,1.033,NA,19.3
109,"N04",2004,"B",3,2761,1,NA,16.1
110,"N04",2004,"B",3,2742,1,NA,18.4
111,"N04",2004,"A",3,2834,1,NA,NA
112,"N04",2004,"A",3,2818,1,NA,NA
113,"N04",2004,"A",3,2780,1,NA,NA
114,"N04",2004,"B",3,2775,1,NA,20
115,"N04",2004,"C",3,2737,1,NA,19.7
116,"N04",2004,"A",3,2796,1,NA,16.2
117,"N04",2004,"B",3.4,3336,1.067,NA,17.1
118,"N04",2004,NA,3,2816,1,NA,14
119,"N04",2004,"B",3,2743,1,NA,18.2
120,"N04",2004,"C",2.9,2584,1,NA,18.4
1,"N05",2005,"A",3,2749,1,NA,NA
2,"N05",2005,"B",3,2730,1,NA,NA
3,"N05",2005,"A",3,2798,1,NA,NA
4,"N05",2005,"B",3.1,2873,1,NA,NA
5,"N05",2005,"C",3.1,2829,1,NA,NA
6,"N05",2005,"B",2.9,2642,1,NA,NA
7,"N05",2005,"B",3,2818,1,NA,NA
8,"N05",2005,"A",3.1,2855,1,NA,NA
9,"N05",2005,"B",3,2793,1,NA,NA
10,"N05",2005,"C",2.9,2633,1,NA,NA
11,"N05",2005,NA,2.8,3732,1.5,NA,NA
12,"N05",2005,"B",3.1,2821,1,NA,NA
13,"N05",2005,"B",3,2837,1,NA,NA
14,"N05",2005,"B",3,2801,1,NA,NA
15,"N05",2005,"A",3,2766,1,NA,NA
16,"N05",2005,"C",3.1,2834,1,NA,NA
17,"N05",2005,"B",3,2726,1,NA,NA
18,"N05",2005,NA,2.8,2588,1.033,NA,NA
19,"N05",2005,"C",3.1,2898,1,NA,NA
20,"N05",2005,"A",3.1,2874,1,NA,NA
21,"N05",2005,"B",3.1,2856,1,NA,NA
22,"N05",2005,"C",3.1,3118,1,NA,NA
23,"N05",2005,"B",3.1,2887,1,NA,NA
24,"N05",2005,"B",3.1,2793,1,NA,NA
25,"N05",2005,"C",3,2776,1,NA,NA
26,"N05",2005,"C",3,2761,1,NA,NA
27,"N05",2005,"C",3,2769,1,NA,NA
28,"N05",2005,"B",3.1,2822,1,NA,NA
29,"N05",2005,"A",3,2469,1,NA,NA
30,"N05",2005,"B",3.1,2866,1,NA,NA
31,"N05",2005,"B",3,2828,1,NA,NA
32,"N05",2005,"C",2.9,2713,1,NA,NA
33,"N05",2005,"C",3,2753,1,NA,NA
34,"N05",2005,"C",3,2743,1,NA,NA
35,"N05",2005,NA,2.9,3962,1.5,NA,NA
36,"N05",2005,"C",2.8,2602,1,NA,NA
37,"N05",2005,"C",2.9,2689,1,NA,NA
38,"N05",2005,"C",2.9,2718,1,NA,NA
39,"N05",2005,NA,3,4171,1.5,NA,NA
40,"N05",2005,"C",3.1,2748,1,NA,NA
41,"N05",2005,"C",2.8,2629,1,NA,NA
42,"N05",2005,"C",2.9,2650,1,NA,NA
43,"N05",2005,"C",2.9,2751,1,NA,NA
44,"N05",2005,"C",3,2795,1,NA,NA
45,"N05",2005,"B",3,2771,1,NA,NA
46,"N05",2005,"C",3.1,2861,1,NA,NA
47,"N05",2005,"B",3.1,2859,1,NA,NA
48,"N05",2005,"B",3,2798,1,NA,NA
49,"N05",2005,"B",2.9,2691,1,NA,NA
50,"N05",2005,"B",3.1,2760,1,NA,NA
51,"N05",2005,"B",3.1,2862,1,NA,NA
52,"N05",2005,"B",3,2846,1,NA,NA
53,"N05",2005,"B",3,2795,1,NA,NA
54,"N05",2005,"B",3,2751,1,NA,NA
55,"N05",2005,"A",3.1,2851,1,NA,NA
56,"N05",2005,"B",3,2740,1,NA,NA
57,"N05",2005,"B",3.1,2850,1,NA,NA
58,"N05",2005,"B",3,2790,1,NA,NA
59,"N05",2005,"B",3.1,2884,1,NA,NA
60,"N05",2005,"A",3,2880,1,NA,NA
61,"N05",2005,"A",3.1,2871,1,NA,NA
62,"N05",2005,"A",3.1,2868,1,NA,NA
63,"N05",2005,"B",3,2797,1,NA,NA
64,"N05",2005,"B",2.9,2716,1,NA,NA
65,"N05",2005,"B",3,2847,1,NA,NA
66,"N05",2005,"A",2.9,2652,1,NA,NA
67,"N05",2005,"B",3.1,2858,1,NA,NA
68,"N05",2005,"B",3.1,2886,1,NA,NA
69,"N05",2005,"B",3,2728,1,NA,NA
70,"N05",2005,"B",3.1,2811,1,NA,NA
71,"N05",2005,"A",3,2762,1,NA,NA
72,"N05",2005,"A",3,2711,1,NA,NA
73,"N05",2005,"B",2.9,2713,1,NA,NA
74,"N05",2005,"B",3,2813,1,NA,NA
75,"N05",2005,"B",3.1,2835,1,NA,NA
76,"N05",2005,NA,3,3191,1.167,NA,NA
77,"N05",2005,"C",3,2829,1,NA,NA
78,"N05",2005,"C",3.1,2864,1,NA,NA
79,"N05",2005,"B",3.1,2634,1,NA,NA
80,"N05",2005,"B",3.1,2807,1,NA,NA
81,"N05",2005,"B",3.1,2898,1,NA,NA
82,"N05",2005,"C",3.2,2929,1,NA,NA
83,"N05",2005,NA,3.1,2867,1,NA,NA
84,"N05",2005,"A",3,2728,1,NA,NA
85,"N05",2005,"C",3.2,2884,1,NA,NA
86,"N05",2005,"B",3,2773,1,NA,NA
87,"N05",2005,"C",3,2732,1,NA,NA
88,"N05",2005,"A",3,2788,1,NA,NA
89,"N05",2005,"B",3,2739,1,NA,NA
90,"N05",2005,"A",2.9,2679,1,NA,NA
91,"N05",2005,"B",3.1,2866,1,NA,NA
92,"N05",2005,"B",3,2786,1,NA,NA
93,"N05",2005,"C",3,2761,1,NA,NA
94,"N05",2005,"B",3,2719,1,NA,NA
95,"N05",2005,"B",3.1,2898,1,NA,NA
96,"N05",2005,"C",3,2677,1,NA,NA
97,"N05",2005,"B",3,2756,1,NA,NA
98,"N05",2005,"A",3,2715,1,NA,NA
99,"N05",2005,NA,2.9,3144,1.167,NA,NA
100,"N05",2005,"C",3,2792,1,NA,NA
101,"N05",2005,"B",3.1,2839,1,NA,NA
102,"N05",2005,"B",2.9,2795,1,NA,NA
103,"N05",2005,NA,3,3263,1.167,NA,NA
104,"N05",2005,"C",3.1,2881,1,NA,18.9
105,"N05",2005,"A",3.1,2881,1,NA,15
106,"N05",2005,"B",3,2792,1,NA,NA
107,"N05",2005,"A",3,2803,1,NA,16.2
108,"N05",2005,NA,3.1,2934,1,NA,NA
109,"N05",2005,"A",3,2797,1,NA,19.7
110,"N05",2005,"B",3,2755,1,NA,19.2
111,"N05",2005,"C",3,2706,1,NA,19.1
112,"N05",2005,"B",3.1,3138,1,NA,19.7
113,"N05",2005,"B",3.1,2834,1,NA,18.4
114,"N05",2005,"B",3,2803,1,NA,20
115,"N05",2005,"A",3,2668,1,NA,22.4
116,"N05",2005,"A",3,2813,1,NA,17.8
117,"N05",2005,NA,3,3341,1.167,NA,20.6
118,"N05",2005,"C",2.9,2716,1,NA,20.7
119,"N05",2005,"A",3,2791,1,NA,NA
120,"N05",2005,"B",3,2788,1,NA,19.9
121,"N05",2005,"C",3,3061,1,NA,NA
122,"N05",2005,"A",3.1,2979,1,NA,NA
123,"N05",2005,NA,3,1844,0.667,NA,NA
124,"N05",2005,"C",3,2720,1,NA,20.4
125,"N05",2005,"B",3,2770,1,NA,18.5
126,"N05",2005,"C",3,2776,1,NA,20.8
127,"N05",2005,"B",3,2758,1,NA,19.7
1,"N06",2006,"A",2.8,2648,1,NA,NA
2,"N06",2006,"B",3,2819,1,NA,NA
3,"N06",2006,"A",3.1,2947,1,NA,NA
4,"N06",2006,"A",3.1,2880,1,NA,NA
5,"N06",2006,"B",3,2800,1,NA,NA
6,"N06",2006,"C",3,4628,1,NA,NA
7,"N06",2006,"B",3.1,2818,1,NA,NA
8,"N06",2006,"B",3,3104,1,NA,NA
9,"N06",2006,"B",2.9,2697,1,NA,NA
10,"N06",2006,NA,3,3676,1.333,NA,NA
11,"N06",2006,"C",3.1,2829,1,NA,NA
12,"N06",2006,"B",3,2780,1,NA,NA
13,"N06",2006,"B",3.1,2837,1,NA,NA
14,"N06",2006,"C",3.2,2925,1,NA,NA
15,"N06",2006,"A",3.1,2759,1,NA,NA
16,"N06",2006,"B",3.1,2854,1,NA,NA
17,"N06",2006,"B",3,2741,1,NA,NA
18,"N06",2006,NA,3.1,3866,1.333,NA,NA
19,"N06",2006,"C",3.1,2873,1,NA,NA
20,"N06",2006,"A",3.2,2870,1,NA,NA
21,"N06",2006,"B",3.1,2885,1,NA,NA
22,"N06",2006,"C",3.1,2857,1,NA,NA
23,"N06",2006,"B",3,2770,1,NA,NA
24,"N06",2006,"C",3,2755,1,NA,NA
25,"N06",2006,"C",3,2747,1,NA,NA
26,"N06",2006,"B",3,2756,1,NA,NA
27,"N06",2006,"A",3.1,2865,1,NA,NA
28,"N06",2006,"A",3.1,2767,1,NA,NA
29,"N06",2006,"A",3.1,2829,1,NA,NA
30,"N06",2006,"B",3,2781,1,NA,NA
31,"N06",2006,"B",3,2762,1,NA,NA
32,"N06",2006,"B",3,2770,1,NA,NA
33,"N06",2006,"B",2.9,2737,1,NA,NA
34,"N06",2006,"C",3,2765,1,NA,NA
35,"N06",2006,"B",3,2803,1,NA,NA
36,"N06",2006,"B",3.1,2908,1,NA,NA
37,"N06",2006,"C",3.1,2857,1,NA,NA
38,"N06",2006,"C",3,2768,1,NA,NA
39,"N06",2006,"B",3,2802,1,NA,NA
40,"N06",2006,"C",3,2836,1,NA,NA
41,"N06",2006,NA,2.9,3587,1.333,NA,NA
42,"N06",2006,"C",3,2771,1,NA,NA
43,"N06",2006,NA,2.8,3365,1.333,NA,NA
44,"N06",2006,"C",2.8,2582,1,NA,NA
45,"N06",2006,"C",2.9,2686,1,NA,NA
46,"N06",2006,"C",3,2741,1,NA,NA
47,"N06",2006,"C",3.1,2842,1,NA,NA
48,"N06",2006,"C",3,2844,1,NA,NA
49,"N06",2006,"C",2.9,2688,1,NA,NA
50,"N06",2006,"C",3.1,2846,1,NA,NA
51,"N06",2006,"C",3,2780,1,NA,NA
52,"N06",2006,"A",3,2804,1,NA,NA
53,"N06",2006,"B",3,2789,1,NA,NA
54,"N06",2006,"B",3.1,2872,1,NA,NA
55,"N06",2006,"B",3,2793,1,NA,NA
56,"N06",2006,"B",3.1,2812,1,NA,NA
57,"N06",2006,"B",3,2802,1,NA,NA
58,"N06",2006,"B",3,2783,1,NA,NA
59,"N06",2006,"B",3,2839,1,NA,NA
60,"N06",2006,"B",3,2768,1,NA,NA
61,"N06",2006,"B",3,2754,1,NA,NA
62,"N06",2006,"A",3.2,2923,1,NA,NA
63,"N06",2006,"B",3.1,2855,1,NA,NA
64,"N06",2006,"B",3,2780,1,NA,NA
65,"N06",2006,"B",3,2796,1,NA,NA
66,"N06",2006,"B",3,2800,1,NA,NA
67,"N06",2006,"B",3,2772,1,NA,NA
68,"N06",2006,"B",3,2760,0.967,NA,NA
69,"N06",2006,"B",3,2781,0.967,NA,NA
70,"N06",2006,"B",3.1,2692,1,NA,NA
71,"N06",2006,"A",3,2817,1,NA,NA
72,"N06",2006,"A",3.1,2859,1,NA,NA
73,"N06",2006,"B",3,2752,1,NA,NA
74,"N06",2006,"B",3,2780,1,NA,NA
75,"N06",2006,"C",3,2772,0.967,NA,NA
76,"N06",2006,"C",2.9,2663,1,NA,NA
77,"N06",2006,NA,2.8,3378,1.333,NA,NA
78,"N06",2006,"B",3,2761,0.967,NA,NA
79,"N06",2006,"B",3,2781,1,NA,NA
80,"N06",2006,"C",3,2752,0.967,NA,NA
81,"N06",2006,"A",3.2,2887,0.967,NA,NA
82,"N06",2006,"C",3,2807,1,NA,NA
83,"N06",2006,"A",3.1,2857,1.033,NA,NA
84,"N06",2006,NA,3,2864,1,NA,NA
85,"N06",2006,"B",3,2787,1,NA,NA
86,"N06",2006,"B",3,2794,1,NA,NA
87,"N06",2006,"B",3,2731,1,NA,NA
88,"N06",2006,"B",3,2742,1,NA,NA
89,"N06",2006,"C",3,2789,1,NA,NA
90,"N06",2006,"C",3,2778,0.967,NA,NA
91,"N06",2006,"B",3.1,2846,1,NA,NA
92,"N06",2006,"B",2.9,2807,1,NA,NA
93,"N06",2006,"C",2.9,2616,0.967,NA,NA
94,"N06",2006,NA,3,3657,1.333,NA,NA
95,"N06",2006,NA,3,3514,1.333,NA,NA
96,"N06",2006,"B",3,2736,1,NA,NA
97,"N06",2006,"A",3.1,2587,1,NA,NA
98,"N06",2006,"B",3.1,2862,1,NA,NA
99,"N06",2006,"C",3,2763,1,NA,NA
100,"N06",2006,"B",3.2,2903,1,NA,NA
101,"N06",2006,"C",3,2753,1,NA,NA
102,"N06",2006,"A",3,2777,1,NA,NA
103,"N06",2006,"B",3.2,2959,1,NA,NA
104,"N06",2006,"B",3,2765,1,NA,NA
105,"N06",2006,NA,2.9,3469,1.3,NA,NA
106,"N06",2006,"A",3.3,3049,1,NA,NA
107,"N06",2006,"A",3,3024,1,NA,NA
108,"N06",2006,"B",3.3,3030,1,NA,NA
109,"N06",2006,"B",3.2,2936,1,NA,NA
110,"N06",2006,NA,3.2,2877,1,NA,NA
111,"N06",2006,"B",3.1,2926,1,NA,NA
112,"N06",2006,"C",3.1,2815,1,NA,NA
113,"N06",2006,"A",3.2,2933,1,NA,NA
114,"N06",2006,"A",3.1,2875,1,NA,NA
115,"N06",2006,"A",3.1,2870,1,NA,NA
116,"N06",2006,"B",3,2749,1,NA,NA
117,"N06",2006,"B",3.2,2964,1,NA,NA
118,"N06",2006,"B",3.3,2998,1,NA,NA
119,"N06",2006,NA,3,3663,1.3,NA,NA
120,"N06",2006,"C",3,2727,1,NA,NA
121,"N06",2006,"B",3,2770,0.967,NA,NA
122,"N06",2006,"C",3,2693,1,NA,NA
123,"N06",2006,"C",3,2726,0.967,NA,NA
124,"N06",2006,"B",3,2763,0.967,NA,NA
126,"N06",2006,"A",3.2,2975,0.967,NA,NA
127,"N06",2006,"C",3.2,2949,1,NA,NA
128,"N06",2006,"C",3.2,2993,1,NA,NA
1,"N07",2007,"A",3.1,2847,1,NA,16.8
2,"N07",2007,"B",3,2759,1,NA,18.7
3,"N07",2007,"B",3.1,2893,1,NA,17.9
4,"N07",2007,"A",3.1,2858,1,NA,NA
5,"N07",2007,"A",3,2756,1,NA,18.4
6,"N07",2007,"B",3,2818,1,NA,18.1
7,"N07",2007,"C",2.9,2693,1,NA,19.3
8,"N07",2007,"B",3,2801,1,NA,NA
9,"N07",2007,"B",3,2778,1,NA,NA
10,"N07",2007,"B",3,2761,1,NA,NA
12,"N07",2007,"C",3,2768,1,NA,NA
13,"N07",2007,"B",3,2780,1,NA,NA
14,"N07",2007,"C",3,2751,1,NA,NA
15,"N07",2007,"B",3.1,2862,1,NA,NA
16,"N07",2007,"A",3.1,2778,1,NA,NA
17,"N07",2007,"B",3,2780,1,NA,NA
18,"N07",2007,"A",3,2698,1,NA,NA
19,"N07",2007,"C",3,2816,1,NA,NA
20,"N07",2007,"B",3,2704,1,NA,19.6
21,"N07",2007,"C",3.1,2822,1,NA,20.3
22,"N07",2007,"B",3,2804,1,NA,18.2
23,"N07",2007,"C",3,2773,1,NA,21.9
24,"N07",2007,"C",3,2808,1,NA,21.3
25,"N07",2007,"B",3.2,2902,1,NA,20.3
26,"N07",2007,"C",3,2786,1,NA,21.6
27,"N07",2007,"B",3,2779,1,NA,19.5
28,"N07",2007,"A",3.1,2861,1,NA,19.6
29,"N07",2007,"C",3.1,2816,1,NA,19.1
30,"N07",2007,"C",3.1,2750,1,NA,21.8
31,"N07",2007,"B",3,2754,1,NA,20.6
32,"N07",2007,"B",3,2897,1,NA,19.9
33,"N07",2007,"B",3,2808,1,NA,21.3
34,"N07",2007,NA,2.8,3386,1.333,NA,21.2
35,"N07",2007,"C",3,2749,1,NA,20.3
36,"N07",2007,"C",3,2769,1,NA,20.3
37,"N07",2007,"C",2.9,2679,1,NA,20.6
38,"N07",2007,NA,2.7,3335,1.333,NA,19.5
39,"N07",2007,"C",3.1,2871,1,NA,18.2
40,"N07",2007,"C",3.1,2842,1,NA,22.1
41,"N07",2007,"C",3,2722,1,NA,21.4
42,"N07",2007,"C",3,2769,1,NA,22.1
43,"N07",2007,"C",3.1,2822,1,NA,20.8
44,"N07",2007,"C",3,2709,1,NA,NA
45,"N07",2007,"B",3,2817,1,NA,18.9
46,"N07",2007,"B",2.9,2685,1,NA,19.1
47,"N07",2007,"B",3.1,2851,1,NA,19.6
48,"N07",2007,"B",3.1,2815,1,NA,16.6
49,"N07",2007,"C",3,2733,1,NA,20.4
50,"N07",2007,"C",2.9,2670,1,NA,19.5
51,"N07",2007,"B",3.1,2837,1,NA,19.2
52,"N07",2007,"B",3.1,2871,1,NA,19.8
53,"N07",2007,"A",3,2818,1,NA,17.3
54,"N07",2007,"B",3.1,2796,1,NA,19.7
55,"N07",2007,"B",3,2726,1,NA,19.4
56,"N07",2007,"B",3.1,2832,1,NA,19.9
57,"N07",2007,"B",3,2752,1,NA,20.3
58,"N07",2007,"B",2.9,2685,1,NA,20.1
59,"N07",2007,"B",3.1,2871,1,NA,19.8
60,"N07",2007,"A",3.1,2849,1,NA,17.4
61,"N07",2007,"A",3,2765,1,NA,17.4
62,"N07",2007,"B",3,2729,1,NA,18.9
63,"N07",2007,"B",3,2755,1,NA,NA
64,"N07",2007,"B",3,2747,1,NA,20.9
65,"N07",2007,"B",3.2,2941,1,NA,19.6
66,"N07",2007,"B",3,2726,1,NA,20.5
67,"N07",2007,"B",3,2779,0.967,NA,18.8
68,"N07",2007,"B",3,2797,1,NA,21.4
69,"N07",2007,"B",3.1,2871,1,NA,19.6
70,"N07",2007,"A",3,2745,0.967,NA,18.8
71,"N07",2007,"A",3,2817,1,NA,16.4
72,"N07",2007,NA,3.1,2799,1.033,NA,14.7
73,"N07",2007,"A",2.9,2693,1,NA,17.8
74,"N07",2007,"C",3,2843,1,NA,17.6
75,"N07",2007,"C",3,2745,1,NA,20.9
76,"N07",2007,"B",3,2714,1,NA,18.4
77,"N07",2007,"B",3,2765,1,NA,18.8
78,"N07",2007,"C",3.1,3909,1.333,NA,15.9
79,"N07",2007,"B",3,2884,1,NA,18.9
80,"N07",2007,"B",3,2797,1.033,NA,19.9
81,"N07",2007,"A",2.9,2700,1,NA,18.9
82,"N07",2007,"B",3,2701,1,NA,18.9
83,"N07",2007,"B",3.2,2908,1,NA,18.3
84,"N07",2007,"C",3.1,2808,0.967,NA,20.2
85,"N07",2007,NA,2.8,3406,1.333,NA,18.6
86,"N07",2007,"C",3,2765,1,NA,21.3
87,"N07",2007,"B",3.1,2798,1,NA,18.3
88,"N07",2007,"B",3,2730,1,NA,18.1
89,"N07",2007,"A",3,2739,1,NA,19
90,"N07",2007,"A",3,2770,1,NA,17.3
91,"N07",2007,"B",3,2748,0.967,NA,19.4
92,"N07",2007,"B",3,2751,1,NA,19.1
93,"N07",2007,"C",3,2750,1,NA,19.5
94,"N07",2007,"B",3,2781,1,NA,18.2
95,"N07",2007,NA,3,3677,1.333,NA,19.1
96,"N07",2007,"C",2.9,2607,1,NA,19.3
97,"N07",2007,"B",3,2707,1,NA,NA
98,"N07",2007,"C",2.9,2600,1,NA,22.1
99,"N07",2007,"B",3.2,2975,1,NA,18.9
100,"N07",2007,"A",3,2730,1,NA,16.4
101,"N07",2007,"C",3,2751,1,NA,17.1
102,"N07",2007,"B",2.9,2697,1,NA,19.8
103,"N07",2007,"B",3,2715,1,NA,21.1
104,"N07",2007,NA,2.8,3437,1.333,NA,18.1
105,"N07",2007,"B",3,2802,1,NA,NA
106,"N07",2007,"A",3,2739,1,NA,NA
107,"N07",2007,"A",3,2119,0.767,NA,18.9
108,"N07",2007,"A",3,2705,1,NA,17.9
109,"N07",2007,"B",3,2701,1.033,NA,20.4
110,"N07",2007,NA,2.8,3406,1.333,NA,NA
111,"N07",2007,"C",2.8,2568,1,NA,21.5
112,"N07",2007,"B",3,2717,1,NA,NA
113,"N07",2007,"B",3,2748,1,NA,20.9
114,"N07",2007,"B",3,2781,1,NA,18.6
115,"N07",2007,"C",2.9,2227,0.833,NA,19.6
116,"N07",2007,"C",3,2709,1,NA,21.9
117,"N07",2007,"A",3,2826,1,NA,18.1
118,"N07",2007,"B",3,2714,1,NA,19.1
119,"N07",2007,"A",3,2785,1,NA,16.8
120,"N07",2007,NA,3,2794,0.967,NA,14.5
121,"N07",2007,"B",3,2761,1,NA,17.9
122,"N07",2007,"B",2.9,2685,1,NA,19.6
123,"N07",2007,"C",3,2792,1,NA,18.4
124,"N07",2007,"B",3.1,2809,1,NA,19
125,"N07",2007,NA,3,2780,1,NA,14.1
126,"N07",2007,"A",3,2795,1,NA,16.9
127,"N07",2007,"C",3,1835,0.7,NA,22.3
1,"N08",2008,"A",3,2728,1,NA,16.6
2,"N08",2008,"B",3.1,2719,1,NA,18.9
3,"N08",2008,"B",2.9,2709,1,NA,17.8
4,"N08",2008,"A",3,2992,0.967,NA,NA
5,"N08",2008,"A",2.9,2803,1,NA,NA
6,"N08",2008,"C",2.8,2656,1,NA,NA
7,"N08",2008,"B",3,2726,1,NA,18
8,"N08",2008,"B",3,2549,0.967,NA,18.3
9,"N08",2008,"B",2.9,2698,1,NA,17.9
10,"N08",2008,"B",3,2675,0.933,NA,NA
11,"N08",2008,"C",3,2760,1,NA,20.4
12,"N08",2008,NA,3,3479,1.367,NA,NA
13,"N08",2008,NA,2.9,3572,1.3,NA,NA
14,"N08",2008,"B",2.9,2709,1,NA,19.4
15,"N08",2008,"B",3.2,2914,1,NA,18.4
16,"N08",2008,NA,3,2615,0.967,NA,12.3
17,"N08",2008,"A",3.1,2899,1,NA,NA
18,"N08",2008,"B",3.1,2760,1,NA,18.8
19,"N08",2008,"C",3,2660,1,NA,19.4
20,"N08",2008,"C",3,2750,1,NA,NA
21,"N08",2008,"C",3.1,2759,1,NA,22.4
22,"N08",2008,"B",2.9,2657,1,NA,NA
23,"N08",2008,"A",3.1,2739,1,NA,17.8
24,"N08",2008,NA,2.9,2521,1,NA,15.1
27,"N08",2008,"C",3,2737,1,NA,20.4
28,"N08",2008,"B",3.2,2876,1,NA,18.9
29,"N08",2008,"B",3.2,2909,1,NA,NA
30,"N08",2008,"C",3.2,2953,1,NA,20.9
31,"N08",2008,"B",2.8,2632,1,NA,18.9
32,"N08",2008,"C",3.1,2775,1,NA,NA
33,"N08",2008,"C",2.8,2548,1,NA,20.2
34,"N08",2008,"C",2.8,2543,1,NA,19.8
35,"N08",2008,"B",2.9,2639,1,NA,17.1
36,"N08",2008,"A",3,2687,1,NA,17.1
37,"N08",2008,"B",2.9,2884,1.067,NA,19.2
38,"N08",2008,"B",2.9,2717,1,NA,17.9
39,"N08",2008,"C",3,2731,1,NA,19.7
40,"N08",2008,"C",2.9,2639,1,NA,20.1
41,"N08",2008,"C",2.9,2649,1,NA,NA
42,"N08",2008,"B",2.8,2553,1,NA,19.7
43,"N08",2008,"B",3,2707,1.033,NA,NA
44,"N08",2008,"C",2.9,2682,1,NA,NA
45,"N08",2008,"C",2.8,2369,1,NA,18.8
47,"N08",2008,"C",2.8,2619,1,NA,NA
48,"N08",2008,NA,2.9,3493,1.333,NA,20.5
49,"N08",2008,"C",3,2743,1,NA,17.2
50,"N08",2008,"C",2.8,2622,1,NA,NA
51,"N08",2008,"C",2.9,2481,1,NA,17.8
52,"N08",2008,"C",3,2609,1,NA,17.8
53,"N08",2008,"B",3.1,2837,1,NA,18.9
54,"N08",2008,"B",3,2766,1,NA,17.4
55,"N08",2008,"B",3,2921,1,NA,17.5
56,"N08",2008,"B",2.9,2616,1,NA,NA
57,"N08",2008,"B",2.8,2591,1,NA,18.9
58,"N08",2008,"B",3,2741,1,NA,18.8
59,"N08",2008,"B",3,2729,0.967,NA,NA
60,"N08",2008,NA,2.7,3237,1.333,NA,17.9
61,"N08",2008,"C",2.7,2537,1,NA,NA
62,"N08",2008,"C",2.8,2621,1,NA,NA
63,"N08",2008,"C",2.8,2625,0.967,NA,20.2
64,"N08",2008,"C",2.8,2649,1,NA,20.6
65,"N08",2008,"C",2.9,2617,1,NA,19.9
66,"N08",2008,"C",2.9,2677,0.967,NA,18.2
67,"N08",2008,"B",3,2750,1,NA,17.8
68,"N08",2008,"A",3,2758,0.967,NA,NA
69,"N08",2008,"A",3,2793,1,NA,17.6
70,"N08",2008,"B",3,2727,1,NA,18.2
71,"N08",2008,"B",2.9,2660,1,NA,17.9
72,"N08",2008,"A",3,2731,1,NA,17.6
73,"N08",2008,"A",3,2711,1,NA,NA
74,"N08",2008,"B",3.1,2795,1,NA,18.6
75,"N08",2008,"B",3,2743,1,NA,17.6
76,"N08",2008,"B",2.9,2611,1,NA,18.4
77,"N08",2008,"B",2.9,2692,1,NA,18.6
78,"N08",2008,"B",3.1,2831,1,NA,18.5
79,"N08",2008,NA,2.8,3437,1.333,NA,NA
80,"N08",2008,"B",2.9,2703,1,NA,17.9
81,"N08",2008,"B",3.2,3792,1.167,NA,NA
82,"N08",2008,"B",2.9,2701,1,NA,18.3
83,"N08",2008,"A",3.2,2985,1,NA,16.3
84,"N08",2008,"A",3,2787,1,NA,17.3
85,"N08",2008,"B",3,2806,1,NA,NA
86,"N08",2008,"B",3,2797,1,NA,18.4
87,"N08",2008,"B",3,2826,1.033,NA,18.1
88,"N08",2008,"C",3.2,3072,1,NA,18
89,"N08",2008,"B",3,2698,1,NA,17.9
90,"N08",2008,"B",3,2743,1,NA,18.9
91,"N08",2008,"B",3,2785,1,NA,17.8
92,"N08",2008,"B",3.1,2797,1,NA,17.1
93,"N08",2008,"B",3,2762,1,NA,17.6
94,"N08",2008,"B",3,2750,1,NA,17.5
95,"N08",2008,"C",3,2775,1,NA,18.9
96,"N08",2008,NA,3,3681,1.333,NA,18.9
97,"N08",2008,"C",3,2742,1,NA,17.5
98,"N08",2008,NA,3,2753,1,NA,NA
99,"N08",2008,"A",3,2795,1,NA,17.2
100,"N08",2008,"C",3.2,3169,1,NA,NA
101,"N08",2008,"B",3,2354,0.867,NA,17
102,"N08",2008,"B",3,2746,1,NA,19.4
103,"N08",2008,"A",3,2802,1,NA,16
104,"N08",2008,"A",3,2665,1,NA,17.8
105,"N08",2008,"B",3,2769,1,NA,18.4
106,"N08",2008,"C",3,2705,1,NA,18.3
107,"N08",2008,NA,2.9,3493,1.333,NA,NA
108,"N08",2008,"C",3,2761,1,NA,18.4
109,"N08",2008,"B",3,2772,1,NA,16.8
110,"N08",2008,NA,2.8,3494,1.333,NA,NA
111,"N08",2008,"C",3,2748,1,NA,18.1
112,"N08",2008,"B",3,2781,1,NA,17.2
113,"N08",2008,NA,2.9,3548,1.333,NA,19.3
114,"N08",2008,"C",3,2747,1,NA,19.9
115,"N08",2008,"B",3,2763,1,NA,18.9
116,"N08",2008,"B",3,2918,1,NA,16
117,"N08",2008,"B",2.9,2744,1,NA,22.6
118,"N08",2008,"A",3,2745,1,NA,16
119,"N08",2008,"C",2.9,2703,1,NA,NA
120,"N08",2008,"B",3,2750,1,NA,NA
121,"N08",2008,NA,2.9,3532,1.333,NA,19.3
122,"N08",2008,"C",3,2685,1,NA,19.3
123,"N08",2008,"B",3,2739,1,NA,17.5
124,"N08",2008,NA,2.9,3633,1.333,NA,20.7
125,"N08",2008,"C",3,2768,1,NA,20.1
126,"N08",2008,"B",3,2730,1,NA,18.6
127,"N08",2008,"A",3,2772,1,NA,17.9
128,"N08",2008,"A",3,2733,1,NA,17.9
129,"N08",2008,"B",3,2787,1,NA,18.6
130,"N08",2008,"C",3,2739,1,NA,21.1
131,"N08",2008,"B",3,2699,1,NA,17.1
132,"N08",2008,NA,2.9,2721,1,NA,NA
133,"N08",2008,"A",3,2785,1,NA,NA
134,"N08",2008,"C",3,2817,1,NA,NA
135,"N08",2008,"B",3,2783,1,NA,NA
136,"N08",2008,"B",3.1,2769,1,NA,17.4
137,"N08",2008,NA,3,2734,1,NA,15.2
138,"N08",2008,"A",3,2775,1,NA,15.1
139,"N08",2008,"C",3.3,3084,1,NA,NA
140,"N08",2008,"B",3.3,3089,1,NA,18
141,"N08",2008,NA,3,2747,1,NA,14
142,"N08",2008,"C",3,2733,1,NA,18.8
143,"N08",2008,"B",3,2777,1,NA,19.1
144,"N08",2008,"A",3.1,2913,1,NA,12.9
145,"N08",2008,"A",3,2785,1,NA,18.3
146,"N08",2008,"B",3,2748,1,NA,19.9
147,"N08",2008,"B",3,2888,1,NA,17.1
1,"N09",2009,"A",3,2822,1,NA,20.3
2,"N09",2009,"A",3.1,2856,1,NA,NA
3,"N09",2009,"B",3.1,2850,1,NA,NA
4,"N09",2009,"A",3,2772,1,NA,NA
5,"N09",2009,"B",3,2815,1,NA,NA
6,"N09",2009,"B",3,2776,1,NA,NA
7,"N09",2009,"B",3,2799,1,NA,NA
8,"N09",2009,"B",3,2785,1,NA,NA
9,"N09",2009,"B",3.1,2858,1,NA,NA
10,"N09",2009,"C",2.9,2723,1,NA,NA
11,"N09",2009,NA,2.9,3521,1.333,NA,NA
12,"N09",2009,"B",3,2796,1,NA,19.1
13,"N09",2009,"B",3,2842,1,NA,19.1
14,"N09",2009,"C",3.1,2813,1,NA,19.2
15,"N09",2009,NA,2.7,2318,0.9,NA,19.1
16,"N09",2009,"A",3.1,2824,1,NA,19.4
17,"N09",2009,"B",3,2802,1,NA,19.3
18,"N09",2009,"C",3,2739,1,NA,19.4
19,"N09",2009,"C",3,2773,1,NA,21.9
20,"N09",2009,"C",3,2784,1,NA,20.5
21,"N09",2009,"C",3,2729,1,NA,17.9
22,"N09",2009,"B",3.1,2858,1,NA,17.7
23,"N09",2009,"A",3,2787,1,NA,18.1
24,"N09",2009,"B",3,2803,1,NA,18.1
25,"N09",2009,NA,3,2590,1,NA,13.1
26,"N09",2009,"B",3,2784,1,NA,20.6
27,"N09",2009,"C",2.9,2685,1,NA,21.2
28,"N09",2009,"B",2.9,2687,1,NA,19.9
29,"N09",2009,"A",3,2796,1,NA,17.2
30,"N09",2009,"B",3,2794,1,NA,19.4
31,"N09",2009,"C",3,2783,1,NA,17.3
32,"N09",2009,"C",3,2752,1,NA,17.9
34,"N09",2009,"C",2.9,2673,1,NA,19.9
35,"N09",2009,"C",3,2781,1,NA,21.5
36,"N09",2009,"C",2.9,2712,1,NA,20.5
37,"N09",2009,"B",3,2747,1,NA,18.6
38,"N09",2009,"B",3,2759,1,NA,20.6
39,"N09",2009,"B",3,2793,1,NA,20.1
40,"N09",2009,"B",3,2844,1,NA,18.9
41,"N09",2009,"B",3,2782,1,NA,19.8
42,"N09",2009,NA,2.8,3445,1.333,NA,17.9
43,"N09",2009,"C",2.8,2644,1,NA,18.2
44,"N09",2009,"C",2.9,2722,1,NA,15.8
45,"N09",2009,"C",2.9,2633,1,NA,17.2
46,"N09",2009,"C",3,2661,1,NA,20.3
47,"N09",2009,"C",3,2770,1,NA,20.2
48,"N09",2009,"C",3,2744,1,NA,20.4
49,"N09",2009,"C",3,2780,1,NA,19.9
50,"N09",2009,"C",3,2808,1,NA,18.6
51,"N09",2009,"C",3,2785,1,NA,17.7
52,"N09",2009,"B",3,2810,1,NA,18.8
53,"N09",2009,"B",3,2745,1,NA,18.1
54,"N09",2009,"B",3,2765,1,NA,18
55,"N09",2009,"A",3,2799,1,NA,17.8
56,"N09",2009,"A",3,2795,1,NA,16.9
57,"N09",2009,"A",3.1,2843,1,NA,16.8
58,"N09",2009,"A",3.1,2859,1,NA,17.8
59,"N09",2009,"B",3,2798,1,NA,19
60,"N09",2009,"B",3,2814,1,NA,19.4
61,"N09",2009,"B",3,2740,1,NA,19.1
62,"N09",2009,"B",2.9,2703,1,NA,20
63,"N09",2009,"B",3.1,2903,1,NA,17.4
64,"N09",2009,"B",3,2804,1,NA,19.7
65,"N09",2009,"B",3,2635,1,NA,19.9
66,"N09",2009,NA,2.9,3599,1.333,NA,17.9
67,"N09",2009,"C",3.1,2819,1,NA,21.4
68,"N09",2009,NA,3,3655,1.333,NA,18.1
69,"N09",2009,"B",3,2756,1,NA,18.9
70,"N09",2009,"B",3,2750,1,NA,18.6
71,"N09",2009,NA,2.9,3597,1.333,NA,18.6
72,"N09",2009,"C",3,2759,1,NA,19.6
73,"N09",2009,"A",3,2759,1,NA,15.9
74,"N09",2009,"B",3,2791,1,NA,16.8
75,"N09",2009,"B",3.1,2824,1,NA,17.8
76,"N09",2009,"B",3.1,2824,1,NA,18.8
77,"N09",2009,NA,3,3646,1.333,NA,19.2
78,"N09",2009,"B",3,2760,1,NA,16.6
79,"N09",2009,"B",3,2762,1,NA,18.4
80,"N09",2009,"B",3,2845,1,NA,18.3
81,"N09",2009,"B",3,2778,1,NA,19.6
82,"N09",2009,"B",3,2784,1,NA,19.6
83,"N09",2009,"B",3,2750,1,NA,18.6
84,"N09",2009,"A",3.3,3593,1.167,NA,15.9
85,"N09",2009,"A",3.1,2902,1,NA,18.2
86,"N09",2009,"B",3,2793,0.967,NA,18.5
87,"N09",2009,"B",3,2822,1,NA,18.6
88,"N09",2009,"B",3.1,2820,0.967,NA,18.9
89,"N09",2009,"B",3.2,2971,1,NA,NA
90,"N09",2009,"C",3.1,2836,1,NA,21.8
91,"N09",2009,"B",3.2,2987,1,NA,18.4
92,"N09",2009,"C",3.1,2830,1,NA,20.9
93,"N09",2009,"B",3.1,2747,1,NA,19.3
94,"N09",2009,NA,3,2780,1,NA,12.2
95,"N09",2009,"A",3,2797,1,NA,10.4
96,"N09",2009,"C",3,2814,1,NA,18.1
97,"N09",2009,"C",3.1,2846,1,NA,NA
98,"N09",2009,"C",3.1,3859,1.333,NA,15.1
99,"N09",2009,"C",3,2815,1,NA,20.8
100,"N09",2009,"B",3.3,3019,1,NA,17.7
101,"N09",2009,"B",3,2788,1,NA,17.9
102,"N09",2009,NA,2.9,3564,1.333,NA,20.2
103,"N09",2009,"C",3,2793,1,NA,20
104,"N09",2009,"B",3,2809,1,NA,18.9
105,"N09",2009,"B",3,2768,1,NA,17.1
106,"N09",2009,"A",3,2824,1,NA,19.1
107,"N09",2009,"B",3,2805,1,NA,20.8
108,"N09",2009,"A",3,2819,1,NA,20.1
109,"N09",2009,"B",3.1,2838,1,NA,18.9
110,"N09",2009,"B",3,2423,0.9,NA,20.8
111,"N09",2009,"B",3.1,2844,1,NA,19.8
112,"N09",2009,"A",3.3,3016,1,NA,16.9
114,"N09",2009,"B",3,2784,1,NA,19.1
115,"N09",2009,NA,2.9,3508,1.333,NA,20.9
116,"N09",2009,NA,2.8,3523,1.333,NA,22.7
117,"N09",2009,"B",3,2619,1,NA,18.4
118,"N09",2009,"C",3,2743,1,NA,21.8
119,"N09",2009,"C",3,3004,1,NA,21.6
120,"N09",2009,"B",3,2833,1,NA,18.9
121,"N09",2009,"C",3,2775,1,NA,21.4
122,"N09",2009,"B",3,2847,1,NA,20.5
124,"N09",2009,"B",3,2758,1,NA,18.1
125,"N09",2009,"A",3,2811,1,NA,16
126,"N09",2009,"B",3.2,2943,1,NA,18.4
127,"N09",2009,NA,3,2798,1,NA,14
128,"N09",2009,"B",3.3,3510,1.167,NA,17.9
129,"N09",2009,NA,3,2801,1,NA,15.4
130,"N09",2009,"A",3,2785,1,NA,18.9
131,"N09",2009,"B",3.2,2951,1,NA,12
132,"N09",2009,"C",3,2785,1,NA,14.2
133,"N09",2009,"B",3,2751,1,NA,18.3
134,"N09",2009,"A",3,2806,1,NA,17.3
135,"N09",2009,"B",3.1,2871,1,NA,19
136,"N09",2009,"A",3,2759,1,NA,17.6
137,"N09",2009,"B",3,2767,1,NA,18.1
138,"N09",2009,NA,2.9,3613,1.333,NA,20.9
139,"N09",2009,"C",3,2707,1,NA,20.6
140,"N09",2009,"B",3,2776,1,NA,18.8
141,"N09",2009,"C",3.1,2822,1,NA,19.2
142,"N09",2009,"C",3,2805,1,NA,19.4
143,"N09",2009,"B",3,2808,1,NA,17.1
144,"N09",2009,"C",3.2,3380,1.167,NA,18.4
145,"N09",2009,"C",3.1,2800,0.967,NA,17.6
146,"N09",2009,"B",3,2744,1,NA,18.6
147,"N09",2009,"A",3,2869,1,NA,16.6
148,"N09",2009,NA,3,2766,1,NA,13.5
1,"N10",2010,"A",3.1,2912,1,NA,NA
2,"N10",2010,"B",3,2780,0.967,NA,NA
3,"N10",2010,"A",3,2901,1,NA,NA
4,"N10",2010,"B",2.9,2711,1,NA,NA
5,"N10",2010,"B",3.4,3191,1,NA,NA
6,"N10",2010,"C",3,3091,1,NA,NA
7,"N10",2010,"B",3.1,2838,1,NA,18.9
8,"N10",2010,"A",3.1,2869,1,NA,16.4
9,"N10",2010,"B",3.1,2834,1,NA,18.6
10,"N10",2010,"B",3,2787,1,NA,16.9
11,"N10",2010,NA,3,3591,1.333,NA,NA
13,"N10",2010,"C",3,2779,1,NA,18.7
14,"N10",2010,"B",3.2,2931,1,NA,NA
15,"N10",2010,"B",3.1,2846,1,NA,NA
16,"N10",2010,"C",3.1,2848,1,NA,NA
17,"N10",2010,NA,3,3686,1.333,NA,NA
18,"N10",2010,"C",3.1,2811,1,NA,16.5
19,"N10",2010,"A",3,2799,1,NA,NA
20,"N10",2010,"B",3.1,2751,0.967,NA,18.4
21,"N10",2010,"A",3,2785,1.033,NA,15.9
22,"N10",2010,"B",3.1,2837,1,NA,18.2
23,"N10",2010,"C",3.1,2873,1,NA,16.6
24,"N10",2010,"B",3.1,2846,1,NA,18
25,"N10",2010,"C",3,2760,1,NA,NA
26,"N10",2010,"B",3,2760,1,NA,NA
27,"N10",2010,"C",3,2812,1,NA,NA
28,"N10",2010,"C",3,2726,1,NA,NA
29,"N10",2010,"A",3,2777,1,NA,NA
30,"N10",2010,"B",3,2802,1,NA,NA
31,"N10",2010,"B",3,2768,1,NA,NA
32,"N10",2010,"B",3,2780,1,NA,NA
33,"N10",2010,"C",2.9,2707,1,NA,NA
34,"N10",2010,"C",3.1,2923,1,NA,18.4
35,"N10",2010,NA,3,3675,1.333,NA,NA
36,"N10",2010,"C",3,2888,1,NA,22.1
37,"N10",2010,NA,2.9,3544,1.333,NA,20.3
38,"N10",2010,NA,2.8,3436,1.333,NA,21.4
39,"N10",2010,"C",2.9,2710,1,NA,19.8
40,"N10",2010,"C",2.8,2631,1,NA,19.3
41,"N10",2010,"C",3,2289,0.833,NA,19
42,"N10",2010,"C",2.9,2689,1,NA,20.3
43,"N10",2010,"C",3,2778,1,NA,21.6
44,"N10",2010,"C",2.9,2709,1,NA,20.1
45,"N10",2010,"A",3,2735,0.967,NA,18.1
46,"N10",2010,"B",3,2749,1,NA,18.6
47,"N10",2010,"B",3,2783,1,NA,19.1
48,"N10",2010,"B",3,2791,1,NA,18.6
49,"N10",2010,"A",3.1,2837,1,NA,18.9
50,"N10",2010,"B",3.1,2868,1,NA,18.4
51,"N10",2010,"B",3.1,2831,1,NA,18
52,"N10",2010,"A",3,2793,1,NA,16.3
53,"N10",2010,"B",3,2755,1,NA,18.6
54,"N10",2010,"B",3,2821,1,NA,19.1
55,"N10",2010,"B",3,2760,1,NA,18.9
56,"N10",2010,"C",3,2796,1,NA,19.3
57,"N10",2010,"C",3,2738,1,NA,19.1
58,"N10",2010,NA,2.9,3740,1.4,NA,22.1
59,"N10",2010,"B",3,2809,1,NA,19.4
60,"N10",2010,"B",2.9,2792,1,NA,18.6
61,"N10",2010,"C",3,2810,1,NA,19.8
62,"N10",2010,"B",3,2749,1,NA,19.9
63,"N10",2010,"B",3,2771,1,NA,20.7
64,"N10",2010,"B",3,2778,1,NA,23.6
65,"N10",2010,"A",3,2755,1,NA,19.6
66,"N10",2010,"B",3,2940,1,NA,19.8
67,"N10",2010,"A",3,2874,1,NA,17.6
68,"N10",2010,"A",3,2807,1,NA,16.6
69,"N10",2010,"B",3,2779,1,NA,NA
70,"N10",2010,"B",3,2816,1,NA,18.5
71,"N10",2010,"B",3.1,2834,1,NA,19.8
72,"N10",2010,"B",3,2777,1,NA,NA
73,"N10",2010,"B",3.1,2815,1,NA,19.1
74,"N10",2010,"B",3,2760,1,NA,19.1
75,"N10",2010,"C",3,2762,1,NA,NA
76,"N10",2010,"B",3,2830,1,NA,NA
77,"N10",2010,"B",3,2788,1,NA,21.2
78,"N10",2010,"B",3,2798,1,NA,NA
79,"N10",2010,"B",3,2754,1,NA,14.6
80,"N10",2010,NA,3,3600,1.333,NA,21.5
81,"N10",2010,"C",3,2779,1,NA,17.9
82,"N10",2010,"C",3,2777,1,NA,17.8
83,"N10",2010,"C",3,2734,1,NA,19.4
84,"N10",2010,NA,2.7,3626,1.433,NA,NA
85,"N10",2010,"C",3,2741,1,NA,NA
86,"N10",2010,NA,3,2788,1,NA,NA
87,"N10",2010,"A",2.9,2673,1,NA,18.4
88,"N10",2010,"B",3.2,2955,1,NA,17.6
89,"N10",2010,"A",3.1,2847,1,NA,NA
90,"N10",2010,"B",3,2770,1,NA,18.3
91,"N10",2010,NA,2.9,3430,1.333,NA,18.8
92,"N10",2010,"C",3,2777,1,NA,17.8
93,"N10",2010,"A",3,2736,1,NA,17.1
94,"N10",2010,"B",3,2787,1,NA,19.3
95,"N10",2010,"B",3,2734,1,NA,NA
96,"N10",2010,"C",3.1,2860,1,NA,20.4
97,"N10",2010,"B",3,2761,1,NA,18.4
98,"N10",2010,NA,2.8,3508,1.333,NA,21.9
99,"N10",2010,"C",2.9,2690,1,NA,20.9
100,"N10",2010,"B",3,2756,1,NA,18.3
101,"N10",2010,"C",3,2755,1,NA,18.2
102,"N10",2010,"B",3,2817,1,NA,18.5
103,"N10",2010,"B",3,2767,1,NA,16.9
104,"N10",2010,"A",3,2784,1,NA,16.7
105,"N10",2010,"C",3,2756,1,NA,NA
106,"N10",2010,"B",3,2775,1,NA,17.8
107,"N10",2010,NA,2.8,3522,1.333,NA,21.2
108,"N10",2010,"A",3,2762,1,NA,16.6
109,"N10",2010,"B",3,2767,1,NA,NA
110,"N10",2010,"A",2.9,2546,0.933,NA,14.4
111,"N10",2010,"A",3,2800,1,NA,15.9
112,"N10",2010,NA,3,2799,1,NA,11.6
113,"N10",2010,"B",3,2768,1,NA,17.3
114,"N10",2010,"B",3,2737,1,NA,17.4
115,"N10",2010,"C",3,2752,1,NA,18.1
116,"N10",2010,"B",3,2776,1,NA,16.9
117,"N10",2010,"B",3,2767,1,NA,NA
118,"N10",2010,"A",3,2779,1,NA,15.9
119,"N10",2010,"A",3,3126,1,NA,17.3
120,"N10",2010,"A",3.1,2781,1,NA,16.6
121,"N10",2010,"B",3,2726,1,NA,16.9
122,"N10",2010,NA,2.9,3553,1.333,NA,NA
123,"N10",2010,"C",3,2716,1,NA,NA
124,"N10",2010,"C",2.9,2684,1,NA,NA
125,"N10",2010,"B",3,2718,1,NA,17.3
126,"N10",2010,"C",3,2740,1,NA,NA
127,"N10",2010,"B",3,2782,1,NA,17.2
128,"N10",2010,"C",3,2753,1,NA,17.4
129,"N10",2010,"B",3,2811,1,NA,16.8
1,"N11",2011,"A",3,2897,1,NA,NA
2,"N11",2011,"B",3,2822,1,NA,17.4
3,"N11",2011,"B",3,2754,1,NA,NA
4,"N11",2011,"A",3,2593,1,NA,17.9
5,"N11",2011,NA,2.8,3378,1.267,NA,21.5
6,"N11",2011,"C",2.9,2699,1,NA,NA
7,"N11",2011,"B",2.9,2708,1,NA,17.9
8,"N11",2011,"B",3.1,2836,1,NA,18.1
9,"N11",2011,"A",3,2779,1,NA,16.8
10,"N11",2011,"B",3.1,2845,1,NA,NA
11,"N11",2011,NA,2.9,3412,1.333,NA,15.7
12,"N11",2011,"C",2.9,2731,1,NA,19.2
13,"N11",2011,"B",3,2392,1,NA,18.4
14,"N11",2011,"B",3,2812,1,NA,18.2
15,"N11",2011,"B",2.9,2701,1,NA,18.3
16,"N11",2011,"C",2.9,2722,1,NA,19.1
17,"N11",2011,NA,2.9,3465,1.333,NA,15.2
18,"N11",2011,"C",3,2740,1,NA,16.9
19,"N11",2011,"A",3,2731,1,NA,16.8
20,"N11",2011,"B",3,2767,1,NA,17.7
21,"N11",2011,"B",3,2727,1,NA,18.6
22,"N11",2011,"C",3,2825,1,NA,20.4
23,"N11",2011,"B",3.1,2860,1,NA,19.3
24,"N11",2011,"C",3,2659,1,NA,19.9
25,"N11",2011,"B",3,2739,1,NA,NA
26,"N11",2011,"C",3,2786,1,NA,18.9
27,"N11",2011,"C",3,2801,1,NA,19.5
28,"N11",2011,"B",3,2812,1,NA,18.9
29,"N11",2011,"A",3.1,2836,1,NA,17.4
30,"N11",2011,"B",3,2714,1,NA,17.6
31,"N11",2011,"B",3,2770,1,NA,18.5
32,"N11",2011,"B",3,2756,1,NA,17.9
33,"N11",2011,"B",3,2728,1,NA,18.2
34,"N11",2011,"A",3,2812,1,NA,16.9
35,"N11",2011,"C",3,2782,1,NA,19.2
36,"N11",2011,"C",3,2794,1,NA,18.4
37,"N11",2011,NA,2.8,3496,1.333,NA,21.1
38,"N11",2011,NA,2.8,3503,1.333,NA,17.6
39,"N11",2011,NA,2.7,3308,1.333,NA,16.7
40,"N11",2011,"C",2.7,2490,1,NA,17.1
41,"N11",2011,"C",2.8,2630,1,NA,NA
42,"N11",2011,"C",2.7,2552,1,NA,19.6
43,"N11",2011,"C",2.9,2675,1,NA,19.3
44,"N11",2011,"C",2.9,2661,1,NA,16.9
45,"N11",2011,"C",3,2765,1,NA,19.3
46,"N11",2011,"C",2.9,2664,1,NA,19.2
47,"N11",2011,"C",3,2794,1,NA,18
48,"N11",2011,"C",3,2798,1,NA,19.1
49,"N11",2011,"B",3.1,2877,1,NA,19.4
50,"N11",2011,"B",3,2803,1,NA,17.2
51,"N11",2011,"B",3,2794,1,NA,16.9
52,"N11",2011,"B",3,2780,1,NA,18.1
53,"N11",2011,"B",3,2829,1,NA,18.1
54,"N11",2011,"B",3.1,2843,1,NA,18.1
55,"N11",2011,"C",3,2737,1,NA,16.4
56,"N11",2011,"B",3.1,2798,1,NA,19.2
57,"N11",2011,"B",3,2744,1,NA,NA
58,"N11",2011,"A",3,2808,1,NA,15.8
59,"N11",2011,"B",3,2786,1,NA,18.6
60,"N11",2011,"B",3,3206,1,NA,17.8
61,"N11",2011,"A",3,2809,1,NA,16.6
62,"N11",2011,NA,2.8,3414,1.333,NA,18.5
63,"N11",2011,"B",3,2937,0.967,NA,18.9
64,"N11",2011,"B",3.1,2843,1,NA,18.4
65,"N11",2011,"B",3,2897,0.967,NA,17.8
66,"N11",2011,"A",3.1,2836,1,NA,NA
67,"N11",2011,"B",3.1,2833,1,NA,15.9
68,"N11",2011,"B",3.1,2836,1,NA,18.1
69,"N11",2011,"B",3,2718,1,NA,18.9
70,"N11",2011,"A",3,2797,1,NA,18.1
71,"N11",2011,"A",3,2795,1,NA,17.3
72,"N11",2011,"B",2.9,2720,1,NA,17.9
73,"N11",2011,"B",2.9,2722,1,NA,17.8
74,"N11",2011,"B",3.1,2730,1,NA,NA
75,"N11",2011,"C",3,2731,1,NA,NA
76,"N11",2011,"B",3.1,2869,1,NA,NA
77,"N11",2011,"C",2.9,2726,1,NA,NA
78,"N11",2011,NA,2.8,2576,1,NA,18.8
79,"N11",2011,"B",3,2775,1,NA,19.9
80,"N11",2011,"C",3,2795,1,NA,16.5
81,"N11",2011,"C",3,2724,1,NA,21.1
82,"N11",2011,"C",3,2793,1,NA,21.9
83,"N11",2011,"B",2.9,2693,1,NA,17.2
84,"N11",2011,"A",3.1,2850,1,NA,NA
85,"N11",2011,NA,3.1,2847,1,NA,NA
86,"N11",2011,"B",3.1,2911,0.967,NA,NA
87,"N11",2011,"B",3,2784,1,NA,17.4
88,"N11",2011,"A",3,2820,1,NA,NA
89,"N11",2011,"B",3,2878,0.967,NA,17.1
90,"N11",2011,"A",3,2766,1,NA,16.5
91,"N11",2011,"B",3,2885,0.967,NA,NA
92,"N11",2011,NA,2.7,3337,1.3,NA,23.3
93,"N11",2011,"B",3,2738,1,NA,NA
94,"N11",2011,"C",2.5,1898,1.233,NA,19.5
95,"N11",2011,"C",2.9,2646,1,NA,NA
96,"N11",2011,"B",3,2793,1,NA,19.1
97,"N11",2011,"C",3,2557,1.333,NA,17.4
99,"N11",2011,"A",3,2762,1,NA,16.2
100,"N11",2011,"C",3,2779,1,NA,17.6
101,"N11",2011,"A",3,2733,1.033,NA,16.8
102,"N11",2011,"B",3.1,2537,1,NA,NA
103,"N11",2011,"A",3.1,2827,1,NA,15
104,"N11",2011,"B",3,2856,0.967,NA,17.6
105,"N11",2011,"B",3,2725,1,NA,18.6
106,"N11",2011,"A",3,2799,1,NA,17.5
107,"N11",2011,"A",3.1,2849,1,NA,20.5
108,"N11",2011,"A",3,2688,1,NA,18.1
109,"N11",2011,"B",3,2752,1,NA,17.4
110,"N11",2011,"B",3,2815,1,NA,NA
111,"N11",2011,"B",3.1,2842,1,NA,17
112,"N11",2011,"C",3,2745,1,NA,19.1
113,"N11",2011,"B",3,2770,1,NA,18.7
114,"N11",2011,"C",2.9,2753,1,NA,18.9
115,"N11",2011,"B",3,2786,1,NA,18.6
116,"N11",2011,"C",2.9,2710,1,NA,17.4
117,"N11",2011,"B",3,2779,1,NA,18.4
118,"N11",2011,"B",3.1,2872,1,NA,18.9
119,"N11",2011,"B",3,2743,1,NA,19.8
120,"N11",2011,"A",3,2765,1,NA,15.8
121,"N11",2011,NA,3.3,3462,1,NA,12.6
122,"N11",2011,"C",3.1,2830,1,NA,19
123,"N11",2011,"B",3,2768,1,NA,17.2
1,"N12",2012,"A",2.8,2632,1,NA,16.1
2,"N12",2012,"A",3,2778,1,NA,17.4
3,"N12",2012,"B",3,2778,1,NA,17.1
4,"N12",2012,"B",3,2796,1,NA,19.4
5,"N12",2012,"A",3,2814,1,NA,16.7
6,"N12",2012,"B",2.8,2814,1,NA,19.7
7,"N12",2012,"B",3,2719,1,NA,18.1
8,"N12",2012,"B",3,2808,1,NA,19.4
9,"N12",2012,"B",3,2778,1,NA,18.8
10,"N12",2012,"C",3,2801,1,NA,NA
11,"N12",2012,NA,2.9,3595,1.333,NA,NA
12,"N12",2012,"C",3,2768,1,NA,20.1
13,"N12",2012,"B",3,2773,1,NA,19.5
14,"N12",2012,"C",3,2809,1,NA,19.9
15,"N12",2012,"B",3.1,2854,1,NA,18.9
16,"N12",2012,"A",3.1,2817,1,NA,18.6
17,"N12",2012,"B",3.1,2799,1,NA,20.1
18,"N12",2012,"B",3,2823,1,NA,19.5
19,"N12",2012,NA,2.9,3565,1.333,NA,17.3
20,"N12",2012,"C",3,2815,1,NA,21.6
21,"N12",2012,"C",3,2797,1,NA,20.5
22,"N12",2012,"C",3,2866,1.033,NA,21.2
23,"N12",2012,"B",3,2839,0.967,NA,19.9
24,"N12",2012,"B",3.1,2832,1,NA,21.4
25,"N12",2012,"C",3,2823,1,NA,19.9
26,"N12",2012,"C",3,2791,1,NA,20
27,"N12",2012,"B",3.1,2847,1,NA,20.4
28,"N12",2012,"A",3,2786,1,NA,20.8
29,"N12",2012,"B",3,2799,1,NA,18.1
30,"N12",2012,"B",3,2732,1,NA,20.3
31,"N12",2012,"B",3,2792,1,NA,19.4
32,"N12",2012,"B",3,2792,1,NA,19.6
33,"N12",2012,"A",3.1,2854,1,NA,18.6
34,"N12",2012,"A",3,2808,1,NA,17.4
35,"N12",2012,"A",3,2765,1,NA,17.4
36,"N12",2012,"B",3,2721,1,NA,19.3
37,"N12",2012,"B",3,2886,1,NA,18.9
38,"N12",2012,NA,3,3678,1.333,NA,23.2
39,"N12",2012,NA,2.9,3527,1.333,NA,13.1
40,"N12",2012,"C",3,2755,1,NA,16.7
41,"N12",2012,"C",3,2764,1,NA,19
42,"N12",2012,"C",3,2755,1,NA,15.8
43,"N12",2012,NA,2.7,3389,1.333,NA,17.4
44,"N12",2012,"C",3,2712,1,NA,16.4
45,"N12",2012,"C",2.9,2708,1,NA,NA
46,"N12",2012,"C",3,2742,1,NA,23.4
47,"N12",2012,"C",3,2742,1,NA,18.4
48,"N12",2012,"C",3,2797,1,NA,20.4
49,"N12",2012,"B",3,2760,1,NA,19.4
50,"N12",2012,"B",3,2798,1,NA,19.4
51,"N12",2012,"C",2.9,2815,1,NA,20.5
52,"N12",2012,"C",3,2739,1,NA,20
53,"N12",2012,"C",3,2746,1,NA,20.1
54,"N12",2012,"C",3.1,2836,1,NA,NA
55,"N12",2012,"B",3,2794,1,NA,19.3
56,"N12",2012,"B",3,2822,1,NA,18.3
57,"N12",2012,"B",3,2843,1,NA,20
58,"N12",2012,"B",3,2758,1,NA,15
59,"N12",2012,"B",3,2803,0.967,NA,17.7
60,"N12",2012,"B",3,2747,1,NA,NA
61,"N12",2012,"B",3,2739,1,NA,18.4
62,"N12",2012,"A",3,2774,1,NA,18.2
63,"N12",2012,"B",3,2760,1,NA,18.1
64,"N12",2012,"B",3,2817,1,NA,16.9
65,"N12",2012,"A",3,2765,1,NA,17.3
66,"N12",2012,"B",3,2772,1,NA,NA
67,"N12",2012,"B",3.1,2858,1,NA,NA
68,"N12",2012,"B",3.2,3458,1.167,NA,17
69,"N12",2012,NA,3,3665,1.333,NA,NA
70,"N12",2012,"B",3,2783,1,NA,NA
71,"N12",2012,"B",3,2776,1,NA,NA
72,"N12",2012,"B",3,2797,1,NA,21.1
73,"N12",2012,"C",3,2726,1,NA,NA
74,"N12",2012,"B",3,2824,1,NA,NA
75,"N12",2012,"B",3,2797,1,NA,NA
76,"N12",2012,"B",3,2750,1,NA,16.9
77,"N12",2012,"B",3,2972,1,NA,NA
78,"N12",2012,"C",3,2835,1,NA,16.4
79,"N12",2012,NA,2.9,3579,1.333,NA,16.4
80,"N12",2012,"C",3.1,2863,1,NA,15.5
81,"N12",2012,"C",3,2728,1,NA,22.8
82,"N12",2012,"C",3,2764,1,NA,20.4
83,"N12",2012,"A",3,2640,1,NA,17.8
84,"N12",2012,"A",3,2797,1,NA,17.1
85,"N12",2012,"B",3.1,2863,1,NA,21.3
86,"N12",2012,"C",3,2792,1,NA,15
87,"N12",2012,"B",3,2911,1,NA,NA
88,"N12",2012,NA,2.9,3551,1.333,NA,18.8
89,"N12",2012,"C",3,2753,1,NA,21.4
90,"N12",2012,NA,2.9,3602,1.333,NA,17.1
91,"N12",2012,"C",3,2702,1,NA,17.9
92,"N12",2012,"A",3,2787,1,NA,20.1
93,"N12",2012,"B",3,2720,1,NA,19.6
94,"N12",2012,"B",3,2761,1,NA,19.9
95,"N12",2012,"B",3,2791,1,NA,18.1
96,"N12",2012,"B",3,2767,1,NA,19.1
97,"N12",2012,"C",3,2601,1,NA,20.9
98,"N12",2012,"B",3.3,3516,1.167,NA,NA
99,"N12",2012,"B",3,2741,1,NA,18.3
100,"N12",2012,"B",3,2790,1,NA,19.8
101,"N12",2012,NA,3,3674,1.333,NA,17.9
102,"N12",2012,"B",3,2758,1,NA,17.4
103,"N12",2012,"B",3,2788,1,NA,17.8
104,"N12",2012,"A",3,2773,1.033,NA,18.1
105,"N12",2012,"A",3,2796,1,NA,18.6
106,"N12",2012,"A",3.1,2824,1,NA,16.9
107,"N12",2012,"B",3,2789,1,NA,18.6
108,"N12",2012,"C",3.1,2836,1,NA,19.1
109,"N12",2012,"B",3,2777,1,NA,18.3
110,"N12",2012,"C",3.1,3101,1,NA,16.9
111,"N12",2012,NA,2.9,3558,1.333,NA,18.9
112,"N12",2012,"C",3,2736,1,NA,18.4
113,"N12",2012,"C",3,2743,1,NA,16.8
114,"N12",2012,"B",3,2796,1,NA,18
115,"N12",2012,NA,3.1,2852,1,NA,13.1
116,"N12",2012,NA,3.2,2883,1,NA,NA
117,"N12",2012,"B",3.3,3025,1,NA,NA
118,"N12",2012,"C",3,2643,0.967,NA,NA
119,"N12",2012,"C",3,2773,1,NA,NA
120,"N12",2012,"B",3.2,2926,1,NA,NA
121,"N12",2012,"A",3.3,3045,1,NA,NA
122,"N12",2012,"A",3,2812,1,NA,NA
123,"N12",2012,"A",3.1,2857,1,NA,20.9
124,"N12",2012,"B",3,2802,1,NA,19.4
125,"N12",2012,"C",3,2800,1,NA,19.7
126,"N12",2012,"A",3.3,3058,1,NA,15.5
1,"N13",2013,"B",2.9,2691,1,71.4,NA
2,"N13",2013,"A",2.9,2704,1,84.8,NA
3,"N13",2013,"A",3.1,2783,1,91.9,NA
4,"N13",2013,"B",2.9,2599,1,90.6,NA
5,"N13",2013,"B",3,2800,1,90.6,NA
6,"N13",2013,"A",3,2738,1,88.5,NA
7,"N13",2013,"B",2.9,2639,1,95.6,NA
8,"N13",2013,"B",2.9,2601,1,96,NA
9,"N13",2013,"B",2.9,2641,1,99.3,NA
10,"N13",2013,"B",2.9,2721,1,96.2,NA
11,"N13",2013,"B",3,2763,1,NA,NA
12,"N13",2013,"C",3,2790,1,101.7,NA
13,"N13",2013,NA,2.7,1709,0.867,102.9,NA
14,"N13",2013,NA,2.9,3520,1.333,101.5,NA
15,"N13",2013,"A",3,2745,1,84.8,NA
16,"N13",2013,"B",3.1,2842,1,92.6,NA
17,"N13",2013,"C",3,2753,1,93.6,NA
18,"N13",2013,"B",3.1,2855,1,92,NA
19,"N13",2013,NA,2.7,2527,1.167,114.1,NA
20,"N13",2013,"C",3,2745,1,89.6,NA
21,"N13",2013,"B",3.1,2839,1,91.4,NA
22,"N13",2013,"C",3.1,2881,1,100.7,NA
23,"N13",2013,"B",3.1,2866,1,91.3,NA
24,"N13",2013,"C",3,2780,1,99.2,NA
25,"N13",2013,"C",3,2810,1,91.6,NA
26,"N13",2013,"B",3.1,2970,1,94.5,NA
27,"N13",2013,"A",3.1,2803,1,78.8,NA
28,"N13",2013,NA,2.8,3287,1.333,113,NA
29,"N13",2013,"C",2.9,2557,1,106.6,NA
30,"N13",2013,"C",3,2761,1,110.6,NA
31,"N13",2013,"C",2.8,2546,1,108.1,NA
32,"N13",2013,"C",3,2744,1,102.5,NA
33,"N13",2013,"C",3,2730,1,107.8,NA
34,"N13",2013,"C",3.1,2837,1,106,NA
35,"N13",2013,"C",3.1,2801,1,103.4,NA
36,"N13",2013,"C",2.8,2616,1,102.9,NA
37,"N13",2013,"B",3.1,2888,1,95.7,NA
38,"N13",2013,"C",3,2738,1,102.8,NA
39,"N13",2013,"B",3.1,2861,1,99.8,NA
40,"N13",2013,"B",3,2823,1,94.5,NA
41,"N13",2013,"C",2.9,2715,1,107.9,NA
42,"N13",2013,NA,3,3725,1.333,94.2,NA
43,"N13",2013,NA,2.8,3497,1.333,NA,NA
44,"N13",2013,"C",3,2939,1.033,107.1,NA
45,"N13",2013,"B",3.2,2947,1,91.6,NA
46,"N13",2013,"B",3.2,2906,1,95,NA
47,"N13",2013,"B",3.1,2875,1,95.3,NA
48,"N13",2013,"B",3,2818,1,95.2,NA
49,"N13",2013,"B",3,2748,1,96.2,NA
50,"N13",2013,"B",2.9,2630,1,95.6,NA
51,"N13",2013,"C",3,2772,1,104.3,NA
52,"N13",2013,"C",3,2810,1,102.2,NA
53,"N13",2013,"B",3.1,2842,1,90.7,NA
54,"N13",2013,"A",3.1,2837,1,82.1,NA
55,"N13",2013,"B",3.1,2849,1,92.2,NA
56,"N13",2013,"B",3.1,2841,1,95.3,NA
57,"N13",2013,"B",3.1,2777,1,94.2,NA
58,"N13",2013,"A",3,2758,1,83.5,NA
59,"N13",2013,"A",3,2789,0.967,NA,NA
60,"N13",2013,"B",3,2715,1,NA,NA
61,"N13",2013,"B",3,2724,1,NA,NA
62,"N13",2013,"B",3,2936,1,NA,NA
63,"N13",2013,"B",3,2932,1.033,96.3,NA
64,"N13",2013,"B",3,2823,0.967,NA,NA
65,"N13",2013,NA,2.9,3675,1.333,109.3,NA
66,"N13",2013,"B",3.1,2847,1,NA,NA
67,"N13",2013,"B",3.1,2891,1,94.5,NA
68,"N13",2013,"B",3,2758,0.967,97.3,NA
69,"N13",2013,"A",3,2752,1,87.2,NA
70,"N13",2013,"A",3,2750,1,85.5,NA
71,"N13",2013,"B",3,2759,1,NA,NA
72,"N13",2013,"B",3.1,2621,1,90.8,NA
73,"N13",2013,"B",3,2771,1,91.1,NA
74,"N13",2013,NA,3,2782,1,71.2,NA
75,"N13",2013,"A",3.1,2806,1,NA,NA
76,"N13",2013,"B",3,2803,1,88,NA
77,"N13",2013,"B",3,2734,1,87.8,NA
78,"N13",2013,"B",3,2772,1,NA,NA
79,"N13",2013,"B",3.1,2822,0.967,NA,NA
80,"N13",2013,"C",3.1,2296,0.8,99.2,NA
81,"N13",2013,NA,3,3618,1.333,105.2,NA
82,"N13",2013,"C",2.9,2890,1.067,98.6,NA
83,"N13",2013,"C",3,2799,1,NA,NA
84,"N13",2013,"C",3,2746,1,93.3,NA
85,"N13",2013,"C",3,2741,1.033,104,NA
86,"N13",2013,"A",3,2848,1.033,NA,NA
87,"N13",2013,"B",3,2797,1,90.4,NA
88,"N13",2013,"A",3.1,2851,1,85.3,NA
89,"N13",2013,"B",3,2806,1,91.3,NA
90,"N13",2013,"B",2.9,2727,1,89.7,NA
91,"N13",2013,"C",3,2765,1.033,NA,NA
92,"N13",2013,"C",3,2759,1,97.2,NA
93,"N13",2013,"B",3,2770,1,91.7,NA
94,"N13",2013,"B",3,2739,1,NA,NA
95,"N13",2013,"B",3.1,2853,1,95.8,NA
96,"N13",2013,"C",2.9,2690,1,75.9,NA
97,"N13",2013,NA,2.8,3466,1.333,92.6,NA
98,"N13",2013,NA,2.8,3476,1.333,NA,NA
99,"N13",2013,"C",2.9,2721,1,NA,NA
100,"N13",2013,"B",3,2709,1,NA,NA
101,"N13",2013,"B",3.2,2925,1,99.7,NA
102,"N13",2013,"B",2.9,2691,1,98.6,NA
103,"N13",2013,NA,2.8,3385,1.333,NA,NA
104,"N13",2013,"A",3.1,2831,1,81.9,NA
105,"N13",2013,"C",3,2851,1,93.9,NA
106,"N13",2013,"A",3,2864,1.033,86.4,NA
107,"N13",2013,"B",3.1,2818,1,NA,NA
108,"N13",2013,"A",3,2767,1,82.4,NA
109,"N13",2013,NA,3.1,2891,1,69.7,NA
110,"N13",2013,"B",3,2732,1,88.8,NA
111,"N13",2013,"C",3,2786,1,103.6,NA
112,"N13",2013,"B",3.1,2813,0.967,95.8,NA
113,"N13",2013,"B",3.1,2952,1,97,NA
114,"N13",2013,"C",3,2761,1,95.4,NA
115,"N13",2013,"B",3,2776,1,NA,NA
116,"N13",2013,"B",3.1,2861,1,96.5,NA
117,"N13",2013,"B",3,2813,1,NA,NA
118,"N13",2013,"C",3,2778,1,110.6,NA
119,"N13",2013,NA,2.9,3534,1.333,110,NA
120,"N13",2013,NA,3.1,2843,1,58.6,NA
121,"N13",2013,"A",3,2762,1,85.7,NA
123,"N13",2013,"C",3,2726,1,100.2,NA
124,"N13",2013,"A",3.2,2885,1,86.1,NA
125,"N13",2013,"B",3.1,2880,1,93.1,NA
126,"N13",2013,"A",3,2775,1,85.5,NA
127,"N13",2013,"A",3.1,2906,1,84.8,NA
128,"N13",2013,"B",3,2826,1,92,NA
129,"N13",2013,"C",3,2846,0.967,100.8,NA
130,"N13",2013,"C",2.8,2588,1,NA,NA
131,"N13",2013,"B",3,2848,1,NA,NA
132,"N13",2013,NA,3.2,2927,1,59.9,NA
133,"N13",2013,"A",3.2,2892,1,72.4,NA
3,"N14",2014,"A",2.9,2693,0.967,82,16.4
4,"N14",2014,"B",3,2753,1,90.7,18.1
5,"N14",2014,"B",2.7,2425,1,94.4,18.9
6,"N14",2014,"B",2.7,2563,1,97.8,19.6
7,"N14",2014,"A",3,2897,1,83.1,16.6
8,"N14",2014,"A",2.9,2681,1,87.6,17.5
9,"N14",2014,"B",2.9,2734,1,90.9,18.2
10,"N14",2014,"B",2.9,2724,1,95.5,19.1
11,"N14",2014,"C",2.9,2671,0.967,102.7,20.5
12,"N14",2014,"B",2.9,2558,1,96.6,19.3
13,"N14",2014,NA,2.6,3249,1.333,116.8,23.4
14,"N14",2014,"C",2.8,2601,1,103.3,20.7
15,"N14",2014,"B",2.9,2668,1,92,18.4
16,"N14",2014,"B",2.9,2683,1,92.9,18.6
17,"N14",2014,"C",2.8,2569,1,NA,NA
18,"N14",2014,"B",3,2752,1,NA,NA
19,"N14",2014,"A",3,2777,1,80.5,16.1
20,"N14",2014,"B",3,2755,1,91.8,18.4
21,"N14",2014,"B",2.9,2672,0.967,92.1,18.4
22,"N14",2014,NA,2.8,3365,1.333,NA,NA
23,"N14",2014,"C",2.8,2614,1,88.5,17.7
24,"N14",2014,"C",2.9,2649,1,88.8,17.8
25,"N14",2014,"C",2.9,2722,1,90,18
26,"N14",2014,"B",2.9,2684,1,84.2,16.9
27,"N14",2014,"B",2.9,2659,1,90.4,18.1
28,"N14",2014,"C",2.8,2633,1,91.3,18.3
29,"N14",2014,"C",3,2624,1,96.4,19.3
30,"N14",2014,"A",3,2836,1,80.8,16.2
31,"N14",2014,"B",2.6,2599,1,91.8,18.4
32,"N14",2014,"B",3,2638,1,NA,NA
33,"N14",2014,"B",2.9,2695,1,87.8,17.6
34,"N14",2014,"C",2.9,2709,1,98.8,19.8
35,"N14",2014,"C",2.8,2618,1,91.4,18.3
36,"N14",2014,NA,2.6,3121,1.333,104.2,20.8
37,"N14",2014,NA,2.7,3289,1.3,109.2,21.8
38,"N14",2014,"C",2.9,2688,1,99.2,19.8
39,"N14",2014,"A",3,2792,1,80.3,16.1
40,"N14",2014,"B",3,2737,1,NA,NA
41,"N14",2014,"A",3,2771,1,72.9,14.6
42,"N14",2014,"B",2.9,2654,1,86.8,17.4
43,"N14",2014,"B",3,2728,1,83.5,16.7
44,"N14",2014,"C",2.8,2547,1,NA,NA
45,"N14",2014,"C",2.6,2458,1,103,20.6
46,"N14",2014,"C",2.8,2545,1,109.2,21.8
47,"N14",2014,NA,2.5,3079,1.333,110.3,22.1
48,"N14",2014,"C",2.9,2522,1,103,20.6
49,"N14",2014,"C",3,2754,1.067,104,20.8
50,"N14",2014,"C",2.8,2504,1,98.9,19.8
51,"N14",2014,"C",2.9,2641,1.033,91.8,18.4
52,"N14",2014,"C",2.9,2503,1,96.6,19.3
53,"N14",2014,"B",2.8,2594,0.967,81.6,16.3
54,"N14",2014,"B",2.8,2577,1,90.1,18
55,"N14",2014,"C",2.9,2774,1,91.2,18.2
56,"N14",2014,"C",2.9,2640,1,89.6,17.9
57,"N14",2014,"B",2.9,2622,1,NA,NA
58,"N14",2014,"B",2.8,2569,0.967,94.1,18.8
59,"N14",2014,"B",2.8,2597,1,90,18
60,"N14",2014,"B",2.9,2687,1,NA,NA
61,"N14",2014,"B",3,2784,0.967,88.8,17.8
62,"N14",2014,"A",3,2704,0.967,78.7,15.7
63,"N14",2014,"B",2.9,2666,1,85.8,17.2
64,"N14",2014,"B",2.8,2622,1,89.7,17.9
65,"N14",2014,"B",3,2828,1,92.5,18.5
66,"N14",2014,"A",3,2734,1,78.3,15.7
67,"N14",2014,"B",3,2752,1,84.7,16.9
68,"N14",2014,NA,2.6,3224,1.333,101.3,20.3
69,"N14",2014,"B",2.8,2536,1,NA,NA
70,"N14",2014,NA,3,2738,1,NA,NA
71,"N14",2014,"A",2.8,2693,1,86.4,17.3
72,"N14",2014,"B",3,2757,1,NA,NA
73,"N14",2014,"B",3,2770,1,NA,NA
74,"N14",2014,"C",2.6,2454,1,99.9,20
75,"N14",2014,"B",2.8,2582,1,88.6,17.7
76,"N14",2014,"B",2.8,2537,1,89,17.8
77,"N14",2014,"A",2.9,2673,1,79.5,15.9
78,"N14",2014,"A",3,2613,1,83.2,16.6
79,"N14",2014,"B",2.7,2594,1.033,NA,NA
80,"N14",2014,"B",2.7,2534,0.967,94.4,18.9
81,"N14",2014,"B",2.8,2628,1,91.3,18.3
82,"N14",2014,"B",2.8,2532,1,90.6,18.1
83,"N14",2014,"C",2.7,2568,1,100.8,20.1
84,"N14",2014,"B",2.7,2501,1,94.2,18.8
85,"N14",2014,"B",2.8,2530,1,94,18.8
86,"N14",2014,"C",2.8,2593,1,103.4,20.7
87,"N14",2014,NA,2.5,2677,1.1,114.5,22.9
88,"N14",2014,"C",2.3,2074,0.967,95.7,19.1
89,"N14",2014,"C",2.9,2554,1,NA,NA
90,"N14",2014,"B",2.8,2641,1,95.2,19
91,"N14",2014,"C",2.8,2608,1,101.8,20.4
92,"N14",2014,"A",2.7,2554,1,72.3,14.5
93,"N14",2014,"B",2.8,2588,1,81.8,16.4
94,"N14",2014,"B",3,2549,1,92.3,18.5
95,"N14",2014,NA,2.8,3148,1.333,106.4,21.3
96,"N14",2014,"A",2.9,2699,1,85.1,17
97,"N14",2014,"B",2.9,2647,1,89.4,17.9
98,"N14",2014,"C",2.7,2433,1,102.7,20.5
99,"N14",2014,"B",2.9,2651,1,91.7,18.3
100,"N14",2014,"C",2.8,2603,1,112.5,22.5
101,"N14",2014,NA,2.6,3154,1.333,122.1,24.4
102,"N14",2014,NA,2.4,3004,1.367,128.4,25.7
103,"N14",2014,NA,2.3,2882,1.333,107,21.4
104,"N14",2014,"B",2.9,2623,1,84.6,16.9
105,"N14",2014,"B",2.8,2624,1,96,19.2
106,"N14",2014,"C",2.7,2527,1,112.8,22.6
107,"N14",2014,"B",2.8,2599,1,98.4,19.7
108,"N14",2014,"A",3,2734,1,62.5,12.5
109,"N14",2014,"C",2.8,2574,1,95.1,19
110,"N14",2014,"B",2.9,2656,1,99.7,19.9
111,"N14",2014,NA,2.7,3676,1.333,102.2,20.4
112,"N14",2014,"A",3,2802,1,87.4,17.5
113,"N14",2014,"B",2.9,2662,1,92.8,18.6
114,"N14",2014,"A",3,2748,1,80.8,16.2
115,"N14",2014,"B",2.9,2710,1,92.5,18.5
116,"N14",2014,NA,3.1,2828,1,63.5,12.7
117,"N14",2014,"A",2.9,2650,1,86.5,17.3
118,"N14",2014,"C",2.8,2599,1,95.9,19.2
119,"N14",2014,"C",2.8,2546,1,98.5,19.7
120,"N14",2014,NA,2.9,2685,1,49.7,9.9
121,"N14",2014,"A",2.9,2725,1,86.2,17.2
122,"N14",2014,"B",3,2783,1,88.8,17.8
123,"N14",2014,"C",2.9,2661,1,100.2,20
124,"N14",2014,"C",3,2779,1,85.2,17.1
125,"N14",2014,"B",3,2697,1,87.2,17.4
126,"N14",2014,"C",2.8,2648,1,93.8,18.8
127,"N14",2014,"B",3,2805,1,81.8,16.4
128,"N14",2014,"C",2.9,2657,1,99.4,19.9
129,"N14",2014,"C",2.9,2734,1.033,108.4,21.7
130,"N14",2014,NA,2.9,4303,1.6,113.8,22.8
131,"N14",2014,"C",2.8,2636,1,107.5,21.5
132,"N14",2014,"A",3,2761,1,75.3,15.1
133,"N14",2014,"B",3,2818,1,81,16
134,"N14",2014,"A",3,2735,1,78.3,15.7
135,"N14",2014,"B",3,2762,1,84.6,16.9
136,"N14",2014,"A",3,2752,1.033,76,15.2
137,"N14",2014,"B",3,2782,1,86.1,17.2
138,"N14",2014,"B",3,2783,1,88.6,17.7
139,"N14",2014,"B",3,2771,1,86,17.2
1,"N15",2015,"A",2.8,2743,1,NA,NA
2,"N15",2015,"B",3.1,2924,1,80.9,18.8
3,"N15",2015,"A",3,2786,1,81.9,17.6
4,"N15",2015,"B",2.9,2726,1,81.9,18.1
5,"N15",2015,"B",2.9,2676,1,84.6,18.6
6,"N15",2015,"B",2.8,2599,0.967,90.8,18.9
7,"N15",2015,"B",2.8,2590,1,85,19.1
8,"N15",2015,NA,2.6,3255,1.333,98.2,20.8
9,"N15",2015,NA,2.5,3074,1.333,99.7,20.9
10,"N15",2015,"C",2.9,2667,1,92.8,18.5
11,"N15",2015,"B",3,2802,1,94.6,19.2
12,"N15",2015,"B",3,3041,1.067,93,20.4
13,"N15",2015,"B",2.9,2705,1,88.9,19
14,"N15",2015,"B",3,2795,1,87.8,18.1
15,"N15",2015,"A",3,2844,1,85.8,18.8
16,"N15",2015,"C",2.8,2583,1,101,19.6
17,"N15",2015,"B",2.9,2660,0.967,90,19
18,"N15",2015,"A",3,2724,0.967,80.7,17.1
19,"N15",2015,"B",3,2755,1,91.5,19.5
20,"N15",2015,"B",2.9,2747,1,91.6,19.7
21,"N15",2015,NA,2.8,3399,1.333,115.1,22.6
22,"N15",2015,"C",2.9,2641,0.967,102.9,20.9
23,"N15",2015,"C",2.9,2689,1,99.2,20.5
24,"N15",2015,"C",2.9,2611,1,101.8,20.6
25,"N15",2015,"B",2.9,2650,1,95,19.7
26,"N15",2015,"C",2.9,2678,1,102,20.8
27,"N15",2015,"C",2.8,2584,1,105.2,20.8
28,"N15",2015,"B",3,2821,0.967,98.2,20.1
29,"N15",2015,"B",3,2633,1.067,94.2,20.4
30,"N15",2015,"A",2.8,2617,1,90,19.5
31,"N15",2015,"B",2.9,2716,1,92,19.6
32,"N15",2015,"B",2.9,2751,1,92.2,19.6
33,"N15",2015,"C",2.8,2642,0.967,98.8,19.9
34,"N15",2015,"C",2.8,2590,0.967,96.8,19.6
35,"N15",2015,NA,2.9,3510,1.333,106.3,21
36,"N15",2015,"C",2.8,2386,1,106.7,21.6
37,"N15",2015,NA,2.9,3599,1.333,115,22.6
38,"N15",2015,"C",2.8,2629,1,107.9,21.7
39,"N15",2015,"C",2.7,2509,1,108.9,21.3
40,"N15",2015,"C",2.9,2638,1,110.4,20.8
41,"N15",2015,NA,2.8,3428,1.333,109.5,22.1
42,"N15",2015,"C",2.8,2561,1,106.8,21.4
43,"N15",2015,"C",2.8,2588,1,109,21.6
44,"N15",2015,"C",2.9,2665,1,105.4,21.4
45,"N15",2015,"C",2.9,2710,1,99,21
46,"N15",2015,"B",2.8,2658,1,90,18.8
47,"N15",2015,"B",3.1,2765,0.967,98.3,20.1
48,"N15",2015,"C",2.9,2645,1,100,20.9
49,"N15",2015,"C",2.8,2596,1,NA,NA
50,"N15",2015,"B",3.1,2863,1,102.3,20.7
51,"N15",2015,"B",3.3,3753,1.167,96.1,19.9
52,"N15",2015,"B",3,2716,1,96.6,20.1
53,"N15",2015,"B",3,2730,1,94.6,19.1
54,"N15",2015,"A",3,2825,1,83.8,18.6
55,"N15",2015,"A",3,2788,1,79.2,17.2
56,"N15",2015,"B",3,2791,1,90.8,19.4
57,"N15",2015,"B",2.9,2681,1,86.5,19
58,"N15",2015,"A",3.1,2885,1.033,80.2,18.1
59,"N15",2015,"B",3,2738,1,89.3,19.1
60,"N15",2015,"B",3,2752,1,91,19.9
61,"N15",2015,"B",2.9,2687,1,87,18.4
62,"N15",2015,"B",3,2757,1,NA,NA
63,"N15",2015,"B",2.9,2650,1,91.2,19.2
64,"N15",2015,"A",2.5,2781,1,81.7,17.7
66,"N15",2015,"C",3.1,3495,1.333,106,20.9
67,"N15",2015,"B",2.6,2612,1,101.3,20.4
68,"N15",2015,"B",2.9,2626,1,95.2,19.9
69,"N15",2015,"B",2.9,2693,1,97.1,20.6
70,"N15",2015,"B",2.7,2684,0.967,97.3,19.7
71,"N15",2015,"B",2.5,2723,1,95.5,20.6
72,"N15",2015,"A",3,2856,1,81.9,17.1
73,"N15",2015,"B",2.9,2668,1,95.1,20.6
74,"N15",2015,"B",2.9,2739,0.967,93.3,19.5
75,"N15",2015,"A",3,2810,1,88.4,19.6
76,"N15",2015,"C",2.9,2689,1,102.8,20.7
77,"N15",2015,"B",3,2903,1.067,92,20.5
78,"N15",2015,"C",3,2825,1.033,103.1,20.5
79,"N15",2015,NA,2.6,3036,1.3,114.4,22.9
80,"N15",2015,"B",3,2767,1,91.4,20.4
81,"N15",2015,"B",3,2765,1,88.5,19.9
82,"N15",2015,"C",2.9,2787,1,102.2,20.4
83,"N15",2015,"B",2.8,2870,1,93.8,19.4
84,"N15",2015,NA,3,2908,1,67.5,15.6
85,"N15",2015,"A",3,2749,1,86.6,19.1
86,"N15",2015,"C",2.9,2722,1,98.4,19.6
87,"N15",2015,"C",2.9,2708,1,113.5,22.6
88,"N15",2015,"B",2.9,2620,1,95.5,20.4
89,"N15",2015,"C",3,2684,1,107.8,21.8
90,"N15",2015,NA,2.8,3434,1.333,115.8,23
91,"N15",2015,"A",3.1,2827,1,82.2,18.4
92,"N15",2015,"B",3,2809,1,97.7,21.4
93,"N15",2015,"B",2.9,2804,1,93.2,19.9
94,"N15",2015,"B",3,2622,1,94.2,19.5
95,"N15",2015,"A",3,2776,1,90.2,19.4
96,"N15",2015,"C",2.8,2530,1,106.8,21.7
97,"N15",2015,"B",2.9,2816,1,95.7,20.1
98,"N15",2015,"C",2.8,2554,1,117,22.9
99,"N15",2015,NA,2.9,3479,1.333,120.8,23.2
100,"N15",2015,NA,2.7,3357,1.333,124.8,26.7
101,"N15",2015,NA,2.7,3295,1.3,116.2,26.9
102,"N15",2015,"B",2.9,2734,1,96.5,19.9
103,"N15",2015,"C",3,2775,1,107.7,21.6
104,"N15",2015,"B",2.4,2768,1,93.2,19.5
105,"N15",2015,"B",2.9,2671,1,95,20.1
106,"N15",2015,"A",2.9,2760,1,87.2,20.2
107,"N15",2015,"C",3,2801,1,95.2,19.4
108,"N15",2015,"B",3,2688,1,97.2,20.7
109,"N15",2015,NA,2.7,3345,1.333,109.8,21.1
110,"N15",2015,"A",3.1,2917,0.967,86.8,18.3
111,"N15",2015,"B",3,2751,1,NA,NA
112,"N15",2015,"A",2.9,2800,1,85.4,18.9
113,"N15",2015,"A",3,2739,1,89.5,18.7
114,"N15",2015,NA,3.1,2794,1,76.7,17.4
115,"N15",2015,"B",3,2715,1,93.7,19.4
116,"N15",2015,"C",2.9,2682,1,103,20.5
117,"N15",2015,"B",2.9,2691,1,96.9,20.1
118,"N15",2015,NA,3.1,2829,1,71.8,16.1
119,"N15",2015,"A",3,2733,1,80.8,17.8
120,"N15",2015,"C",2.9,2687,1,105.5,20.8
121,"N15",2015,"B",3,2776,1,89.2,19.4
122,"N15",2015,NA,3.2,2947,1,76.6,18
123,"N15",2015,"A",2.9,2652,1,90.8,19.5
124,"N15",2015,"B",2.9,2748,1,92,19.7
125,"N15",2015,"C",3,2730,1,109.1,22.6
126,"N15",2015,"A",3,2725,1,NA,NA
127,"N15",2015,"A",3,2743,0.967,86.6,19.5
128,"N15",2015,"C",3,2753,1,106.8,21.2
129,"N15",2015,"C",3,2743,1,111.3,22.5
130,"N15",2015,"A",3.2,2955,1,84.9,18.2
131,"N15",2015,"B",3,2810,1.033,92.6,19.2
132,"N15",2015,"B",3,2799,1,93.4,19.6
133,"N15",2015,"C",2.9,2679,0.967,108.7,22.5
134,"N15",2015,NA,2.8,3481,1.333,120.1,24.6
135,"N15",2015,"B",3.1,2860,1,92,19.5
136,"N15",2015,"B",2.9,2709,1,99,19.9
137,"N15",2015,"B",3,2783,1,93.6,19.1
1,"N16",2016,"A",3.1,2847,1,84,18.8
2,"N16",2016,"A",2.9,2676,1,86.8,19
3,"N16",2016,"B",3,2765,1,91.8,19.2
4,"N16",2016,"B",3.1,2872,1,93.3,19.5
6,"N16",2016,"B",3,2798,1,96.7,20.5
7,"N16",2016,"C",3,2873,1,98,20.2
8,"N16",2016,"C",3,2752,0.967,99.8,19.4
9,"N16",2016,NA,2.9,3565,1.333,111.9,22.4
10,"N16",2016,"C",3,2760,1,104,21.6
11,"N16",2016,"B",3,2735,1,90.8,19.1
12,"N16",2016,"B",3,2768,1,92,20.1
13,"N16",2016,"B",2.9,2725,1,89.7,19.5
14,"N16",2016,"B",3,2761,1,89.5,19.4
15,"N16",2016,"A",3,2790,1,82.7,18.1
16,"N16",2016,"B",2.9,2690,1,91.4,19.8
17,"N16",2016,"A",2.9,2693,1,85.3,18.9
18,"N16",2016,"B",3,2790,1,91,19.8
19,"N16",2016,NA,3,3697,1.333,119.1,20.4
20,"N16",2016,"C",2.9,2742,1,101,21
21,"N16",2016,"B",3,2744,1,94.7,20.2
22,"N16",2016,"C",3,2775,1,101,20.7
23,"N16",2016,"B",3,2742,1,90.2,19.5
24,"N16",2016,"C",3,2808,1,98.7,20.1
25,"N16",2016,"B",3,2717,1,93.3,19.7
26,"N16",2016,"C",3,2793,1,97.5,19.6
27,"N16",2016,"C",3.1,2850,1,99.5,20
28,"N16",2016,"B",3.1,2813,1,95.5,19.8
29,"N16",2016,"B",3,2835,1,92.2,19.5
30,"N16",2016,"B",3,2801,1,90.5,19.8
31,"N16",2016,"A",3,2731,1,85.8,19
32,"N16",2016,"A",2.9,2691,1,82.2,17.2
33,"N16",2016,"A",3,2752,1,82.1,18.4
34,"N16",2016,"B",3,2831,1.033,92.9,19.9
35,"N16",2016,"B",3,2825,1,96.9,20.2
36,"N16",2016,"C",2.9,2628,1,102.8,21
37,"N16",2016,"C",2.9,2667,1,101.7,20.8
38,"N16",2016,NA,2.9,3519,1.333,112,22.1
39,"N16",2016,NA,2.8,3520,1.333,118.4,23.1
40,"N16",2016,"C",3,2783,1,107.6,21.8
41,"N16",2016,NA,2.7,3265,1.333,114.8,22.4
42,"N16",2016,"C",2.8,2624,1,111.3,22.1
43,"N16",2016,"C",3,2753,1,109.2,22
44,"N16",2016,"C",3.2,2963,1.033,109.3,23.2
45,"N16",2016,"C",2.9,2697,0.967,111.5,21.5
46,"N16",2016,"C",2.9,2696,1,112.1,22.1
47,"N16",2016,"C",3,2810,1,105.8,21.6
48,"N16",2016,"C",3,2763,1,103,21.6
49,"N16",2016,"B",3,2781,1,89.4,19.5
50,"N16",2016,"B",3,2807,1,96.6,19.9
51,"N16",2016,"C",2.9,2720,1,99.9,20.4
52,"N16",2016,"C",2.9,2715,1,106.1,21.1
53,"N16",2016,"B",3,2796,1,96.9,21.1
54,"N16",2016,"B",3.2,2902,1,95.6,20.6
55,"N16",2016,"B",2.9,2724,0.967,94,19.9
56,"N16",2016,"B",2.9,2807,1,97,20.2
57,"N16",2016,"B",3,2807,1,93.2,19.5
58,"N16",2016,"A",3,2818,1.033,84.8,18.5
59,"N16",2016,"B",3,2943,1.067,88.3,19
60,"N16",2016,"B",3,2662,1,92.8,20.4
61,"N16",2016,"B",2.9,2754,1,94.7,19.4
62,"N16",2016,"B",3,2792,1,94.8,19.6
63,"N16",2016,"B",3,2830,1.033,86.6,18.6
64,"N16",2016,"B",3,2746,1,NA,NA
65,"N16",2016,"C",3,3581,1.267,NA,NA
66,"N16",2016,"B",2.9,2703,1,101.3,20.1
67,"N16",2016,"B",2.8,2619,1,NA,NA
68,"N16",2016,"B",3,2730,1,94.4,20.1
69,"N16",2016,"B",3,2754,1,93,19.4
70,"N16",2016,"A",3,2687,1,NA,NA
71,"N16",2016,"A",3.1,2818,1,79.1,16.9
72,"N16",2016,"B",3,2755,1,90.5,19.5
73,"N16",2016,"B",3.1,2841,1,92.5,19.9
74,"N16",2016,"B",3,2803,1,95.2,20
75,"N16",2016,"C",3,2792,1,106,20.8
76,"N16",2016,"C",3.1,2818,1,NA,NA
77,"N16",2016,"B",3.1,2820,1,92.2,19.7
78,"N16",2016,NA,2.9,3534,1.3,112.5,22.1
79,"N16",2016,"B",3.1,2817,0.967,90.7,19.1
80,"N16",2016,"C",3,2788,1,NA,NA
81,"N16",2016,"C",2.9,2743,1,110.8,22.1
82,"N16",2016,"B",3,2798,0.967,91.3,19.9
83,"N16",2016,"B",3,2973,1.067,88.1,18.6
84,"N16",2016,NA,3,2759,1,72.6,16.8
85,"N16",2016,"A",3,2784,1,86.5,18.6
86,"N16",2016,"C",3,2737,0.967,NA,NA
87,"N16",2016,NA,2.9,3566,1.333,107.3,21.4
88,"N16",2016,"B",3,2827,0.967,92,20.1
89,"N16",2016,NA,2.8,3473,1.333,NA,NA
90,"N16",2016,"C",2.9,2682,1,96.2,20.5
91,"N16",2016,"B",3,2742,0.933,96.5,NA
92,"N16",2016,"B",3,2825,1,94.2,21.2
93,"N16",2016,"C",3,2786,1.033,98,19.4
94,"N16",2016,"A",3.1,2868,0.967,NA,NA
95,"N16",2016,"B",3.1,2893,1,90.7,19.9
96,"N16",2016,"A",3,2715,1,NA,NA
97,"N16",2016,"B",3,2814,1.033,94,18.9
98,"N16",2016,"B",3,2821,1,NA,NA
99,"N16",2016,"C",3,2754,1,104.5,21.8
100,"N16",2016,"B",3,2840,1,90.2,19.1
101,"N16",2016,"B",3,2808,0.967,93.4,20.4
102,"N16",2016,NA,2.8,3421,1.333,121.7,24.1
103,"N16",2016,NA,2.8,3533,1.333,118.2,24.6
104,"N16",2016,NA,2.9,3594,1.3,121.5,23.2
105,"N16",2016,"C",2.8,2609,0.967,110.6,21.4
106,"N16",2016,NA,3.1,2853,1,55.9,14.1
107,"N16",2016,"A",2.9,2731,1,72,17.2
108,"N16",2016,"B",3,2737,1,97.4,19.9
109,"N16",2016,NA,2.8,3703,1.333,112.2,21.7
110,"N16",2016,"B",2.9,2653,0.967,99.8,20.8
111,"N16",2016,"C",2.9,2672,1,102,20.3
112,"N16",2016,"A",3,2721,0.967,80.9,17.9
113,"N16",2016,"B",3,2791,0.967,94.2,19.4
114,"N16",2016,"A",3.1,2824,1,88,20.1
115,"N16",2016,"A",3,2796,1,80.4,18.1
116,"N16",2016,"A",3,2751,1,87.5,19
117,"N16",2016,NA,3.1,2802,1,65.3,15.9
118,"N16",2016,"B",3.1,2889,1,97.2,20.1
119,"N16",2016,"C",3.1,2840,1,106.2,20.8
120,"N16",2016,NA,3,3567,1.3,110.8,23.1
121,"N16",2016,"C",2.9,2643,0.967,102.6,20.5
122,"N16",2016,"B",3.1,2813,1,91.1,18.8
123,"N16",2016,"C",3,2792,1,102.3,21
124,"N16",2016,"C",2.9,2715,1,100.5,20.5
125,"N16",2016,NA,2.8,3490,1.333,115.6,22.6
126,"N16",2016,"C",3,2740,1,111,21.7
127,"N16",2016,"B",3,2732,1,94.7,19.6
128,"N16",2016,"B",3,2803,1,87.6,18.6
129,"N16",2016,"A",3,2789,1,85.7,18.5
130,"N16",2016,"B",2.9,2672,1,90.3,18.4
131,"N16",2016,"A",3.1,2796,1,NA,NA
132,"N16",2016,"A",3,2778,1,81.6,17.9
133,"N16",2016,"B",3.2,2934,1,NA,NA
134,"N16",2016,"B",3,2750,1,98,20.4
135,"N16",2016,NA,3,2721,1.067,125.8,25.6
1,"N17",2017,"A",3,2636,1,188,18.8
2,"N17",2017,"A",3.1,2826,1,89.9,19.7
3,"N17",2017,"B",2.9,2650,1,98,22
4,"N17",2017,"B",3,2761,1,95.4,20.8
5,"N17",2017,"C",2.9,2723,1,10.4,22
6,"N17",2017,"B",3,2874,1,101.3,21.6
7,"N17",2017,"A",3,2723,1,88.7,19.7
8,"N17",2017,"B",3,2881,1.033,100.8,21.5
9,"N17",2017,"B",3,2781,1,93.5,20.6
10,"N17",2017,"B",3,2755,1,98.2,20.2
12,"N17",2017,NA,2.8,3426,1.333,110.8,21.6
13,"N17",2017,"C",3,2665,0.967,101.7,21.1
14,"N17",2017,"B",3,2766,1,91.2,19.2
15,"N17",2017,"A",3,2589,1,86.3,18.6
16,"N17",2017,"B",2.9,2811,1,92.5,19.5
17,"N17",2017,"C",2.9,2624,0.967,88.9,18.2
18,"N17",2017,"B",3.1,2821,1,93.6,19.7
19,"N17",2017,NA,2.9,3495,1.333,112.3,22.1
20,"N17",2017,"C",3,2822,1,105.2,20.7
21,"N17",2017,"B",3,2696,1,97.4,19.7
22,"N17",2017,"C",3,2725,1,101.1,21.1
23,"N17",2017,"C",2.9,649,0.233,NA,NA
24,"N17",2017,"B",3,2723,1,96.3,NA
25,"N17",2017,"C",3,2779,1,106.3,21.2
26,"N17",2017,"C",3.1,2807,1,102.7,21.2
27,"N17",2017,"B",3,2722,1,98.5,20.1
28,"N17",2017,"B",3,355,0.133,88.3,17.6
29,"N17",2017,"C",3.1,2821,1,108.2,21.7
30,"N17",2017,"B",3,2707,1,99.4,20.4
31,"N17",2017,"A",3.1,2802,1,85,18.1
32,"N17",2017,"B",2.9,2700,1,101.8,20.2
33,"N17",2017,"C",2.9,2769,1,107.7,20.4
34,"N17",2017,"B",2.9,2680,1,90.5,18.4
35,"N17",2017,"B",3,2754,1,95.8,19.8
36,"N17",2017,"B",3.1,2836,1,92.7,18.9
37,"N17",2017,"C",3,2850,1,104.9,21.2
38,"N17",2017,"A",3.2,2899,1,83.3,17.7
39,"N17",2017,"B",3,2783,1,97.4,20.1
40,"N17",2017,"A",3,2762,1,89.3,18.6
41,"N17",2017,NA,2.9,3622,1.333,107.1,20.6
42,"N17",2017,"C",2.9,2646,0.967,111.6,22.1
43,"N17",2017,NA,2.5,3157,1.333,111.3,21.2
44,"N17",2017,"C",2.9,2633,0.967,113,21.9
45,"N17",2017,NA,2.7,3370,1.333,100.7,23.3
46,"N17",2017,"C",2.9,2800,1,119.5,22.5
47,"N17",2017,"C",2.9,2646,1,100.3,19.2
48,"N17",2017,"C",3,2837,0.967,105.3,20.2
49,"N17",2017,"C",2.8,2527,1,108.9,21.3
50,"N17",2017,"C",2.9,2633,1,100.5,19.9
51,"N17",2017,"C",3,2822,1,104.6,20.8
52,"N17",2017,"B",3.2,2883,1,104.4,21.2
53,"N17",2017,"B",3,318,0.133,91.5,18.1
55,"N17",2017,"B",3,2749,1,102,20.5
56,"N17",2017,"C",3,2729,1,104,20.6
57,"N17",2017,"C",3,2831,0.967,107.2,21
58,"N17",2017,"B",2.9,2597,1,99.1,20.4
59,"N17",2017,"B",2.9,2652,1,98.3,20.4
60,"N17",2017,"B",3.1,2586,1,100.4,20.4
61,"N17",2017,"B",3.1,2878,1,91.7,17.9
62,"N17",2017,"B",2.7,326,0.133,89.1,17.7
63,"N17",2017,"A",3.1,2866,1,84.4,17.7
64,"N17",2017,"B",2.8,2623,1,97.7,20.4
65,"N17",2017,"B",3,2744,0.9,93.2,19.3
66,"N17",2017,"A",3.1,2836,1,92.4,19.2
67,"N17",2017,"B",2.9,2785,1,101.3,20.8
68,"N17",2017,NA,2.1,3138,1.333,116.5,22.9
69,"N17",2017,"B",2.7,2710,1,NA,19.6
70,"N17",2017,"B",2.9,2681,1,95.5,19.6
71,"N17",2017,"B",3.1,2921,1,97.5,18.7
72,"N17",2017,"B",2.9,2746,1,94.9,19.7
73,"N17",2017,"B",3,2798,1,97.5,20.3
74,"N17",2017,"A",3.2,2911,1,85.8,17.7
75,"N17",2017,"A",3,2803,1,89.4,18.8
76,"N17",2017,"B",2.9,2672,1,90.9,19.8
77,"N17",2017,"B",3,2788,1,95.8,20.6
78,"N17",2017,"B",2.3,307,0.133,86.5,17.9
79,"N17",2017,NA,2.8,3497,1.333,116.2,22.6
80,"N17",2017,"C",2.7,2826,1,104,20
81,"N17",2017,"B",3,2777,1,91.5,18.9
82,"N17",2017,"C",2.9,2696,1,101,19.4
83,"N17",2017,"B",3.1,2847,1,88.7,18.5
84,"N17",2017,"B",3.1,2833,1,86.8,18.2
85,"N17",2017,"C",2.9,2833,0.967,97.2,19.5
86,"N17",2017,"B",2.9,2764,1,90.7,18.9
87,"N17",2017,NA,3,2866,1,69.7,16.3
88,"N17",2017,"A",3.1,2939,1,87.3,18.5
89,"N17",2017,"C",2.8,2631,1,94.2,19.6
90,"N17",2017,"C",3,2782,1,99.3,20.2
91,"N17",2017,"B",3,2777,1,92,18.7
92,"N17",2017,"B",3.1,2847,1,94.7,19.4
93,"N17",2017,"C",2.7,2617,1,99,19.2
94,"N17",2017,NA,2.4,3716,1.333,111.3,21.7
95,"N17",2017,"A",2.9,2772,1,86.1,18.5
96,"N17",2017,"B",3.1,2835,1,98.2,21
97,"N17",2017,"B",2.9,2805,1,93,19.5
98,"N17",2017,"C",3,2734,1,103.9,20.4
99,"N17",2017,"C",2.8,547,0.233,98.3,18.8
100,"N17",2017,"A",3,2760,1,92,20
101,"N17",2017,"B",3.1,2905,1,89.8,18.6
102,"N17",2017,"C",2.7,2554,1,108.2,21.6
103,"N17",2017,NA,2.6,3273,1.333,120,23
104,"N17",2017,"B",2.9,2777,1,95.2,20
105,"N17",2017,"C",2.9,2775,1.033,104.2,21.1
106,"N17",2017,"B",3.1,2894,1,90.2,18.7
107,"N17",2017,"B",2.9,2719,1,93.2,20.4
108,"N17",2017,"B",2.9,27,0.067,110.7,NA
109,"N17",2017,NA,3,2796,1,68.8,15.9
110,"N17",2017,"A",3,2816,1,77.5,17.2
111,"N17",2017,"B",2.9,2664,1,90.8,19.6
112,"N17",2017,"A",3.1,2890,1,82.9,19
113,"N17",2017,"B",2.9,2713,1,91.2,18.6
114,"N17",2017,"B",3,2827,1,98.4,19.5
115,"N17",2017,"B",3,2795,1,92.9,19.3
116,"N17",2017,"B",3,2743,1,96.7,19.6
117,"N17",2017,"A",3,2745,1,88.8,19.2
118,"N17",2017,"A",3.1,2882,1,90.6,19.5
119,"N17",2017,"B",3.1,2833,1,NA,19.5
120,"N17",2017,"C",3,2752,1,110.9,21.2
121,"N17",2017,NA,2.8,3425,1.367,120,23.4
122,"N17",2017,"C",3,2734,1,104,20.9
124,"N17",2017,"B",2.9,2654,1,91.4,19.4
125,"N17",2017,"B",2.9,296,0.1,83.8,16.7
126,"N17",2017,"C",2.9,2661,1,94.1,19.2
127,"N17",2017,NA,2.9,2731,1,74.2,16.9
128,"N17",2017,"A",3,2840,1,86.8,18.8
129,"N17",2017,"B",2.9,2719,1,98.5,20.2
130,"N17",2017,"C",2.8,2723,1,106.2,20.7
131,"N17",2017,NA,2.6,3162,1.333,117.6,24.9
132,"N17",2017,"A",3,2190,0.8,86.3,19.7
133,"N17",2017,"C",2.8,2846,1.067,97.3,20.1
134,"N17",2017,"B",2.7,2688,1,104.4,21.4
135,"N17",2017,NA,3,3596,1.3,105.8,20.3
136,"N17",2017,"A",2.7,2774,1.033,78.1,16.8
137,"N17",2017,"B",2.9,2736,1.067,94,19
138,"N17",2017,"A",3,2813,1.033,84.5,17.8
1,"N18",2018,"A",3,2842,1,88,18.8
2,"N18",2018,"A",3.1,2879,1,93.5,19
3,"N18",2018,"B",3,2841,1,93.6,20.4
4,"N18",2018,"B",3,2762,0.967,97.8,20.4
5,"N18",2018,"C",2.8,2760,1,100.8,20.6
6,"N18",2018,"B",2.9,2692,1,99.9,21.7
7,"N18",2018,"A",2.9,2747,1,90.6,18.5
8,"N18",2018,"B",2.9,2719,1,96.9,19.6
9,"N18",2018,"B",2.9,2689,1,97.8,19.9
10,"N18",2018,"B",3,2748,1,97.8,19.9
12,"N18",2018,NA,2.7,3391,1.333,113.2,23.3
13,"N18",2018,"C",2.7,2503,1,104.5,20.8
14,"N18",2018,"B",2.9,2710,1,94.8,20
15,"N18",2018,"A",2.9,2684,1,90,20.9
16,"N18",2018,"B",2.9,2674,1,95.5,19.9
17,"N18",2018,"C",2.9,2711,1,102.8,22.1
18,"N18",2018,"B",2.9,2666,1,94.8,20.9
19,"N18",2018,"C",2.7,2581,1,106,21.7
20,"N18",2018,"C",2.9,2695,0.967,102.6,20.8
21,"N18",2018,"C",2.8,2615,1,101.2,21.7
22,"N18",2018,"C",2.8,2634,1,104.1,21.4
23,"N18",2018,NA,2.9,3243,1.333,119.3,22.5
24,"N18",2018,"C",2.9,2460,1,114.7,22.6
25,"N18",2018,"C",2.9,2537,1,110.2,22.9
26,"N18",2018,"C",2.8,2639,1,109.4,NA
27,"N18",2018,"B",2.8,2620,1,95.5,19.4
28,"N18",2018,"A",3,2764,1,90,19.3
29,"N18",2018,"A",3,2795,1,91.4,19.4
30,"N18",2018,"A",3,2788,1,87.8,19
31,"N18",2018,"B",2.9,2736,1,100.4,20.8
32,"N18",2018,"C",3,2771,1,103.7,21.8
33,"N18",2018,NA,3.1,3779,1.333,NA,NA
34,"N18",2018,"C",3,2784,1,105.8,21.7
35,"N18",2018,"B",2.9,2712,0.967,98.8,21.1
36,"N18",2018,"C",3,2823,1,106.9,23
37,"N18",2018,"C",2.8,2747,1,106.3,22.4
38,"N18",2018,"B",3,2770,1,101.4,21.6
39,"N18",2018,"B",2.9,2849,1,93.2,NA
40,"N18",2018,"B",3,2781,1.033,96.5,20.1
41,"N18",2018,"B",2.9,2680,1,98.8,NA
42,"N18",2018,"B",2.9,2649,1,98.6,NA
43,"N18",2018,"B",2.8,2635,1,100.2,19.9
44,"N18",2018,"C",2.8,2555,1,111,22.1
45,"N18",2018,"C",2.9,2664,0.967,110.2,21.4
46,"N18",2018,NA,2.8,3519,1.333,124.2,22.9
47,"N18",2018,"C",2.9,2655,1,107.8,22.8
48,"N18",2018,"C",2.7,2648,1,107.4,22.5
49,"N18",2018,"B",3,2753,1,102.2,21
50,"N18",2018,"A",3,2787,1,90,18.8
51,"N18",2018,"B",2.9,2759,1,98.5,20.9
52,"N18",2018,NA,2.9,3588,1.333,111.4,25.1
53,"N18",2018,"C",2.9,2713,1,104.8,23.4
54,"N18",2018,"C",2.9,2677,1,108.1,21.8
55,"N18",2018,"B",2.9,2730,1,102,20.8
56,"N18",2018,"B",3,2793,1,103.7,21.1
57,"N18",2018,"B",2.9,2742,1,101.6,21.1
58,"N18",2018,"B",2.9,2258,1,100.1,21.1
59,"N18",2018,"B",3,2818,1,101.5,21.1
60,"N18",2018,"B",2.9,2739,1,103.2,20.4
61,"N18",2018,"B",2.9,2765,1,101,20.7
62,"N18",2018,"B",3,2861,1,89.5,19.5
63,"N18",2018,"B",3,2783,1,95.6,20.4
64,"N18",2018,"A",3,2784,1,89.1,20.1
65,"N18",2018,"A",3,2815,1,88,19.8
66,"N18",2018,"B",3,2759,1,99.2,19.8
67,"N18",2018,NA,2.8,3265,1.333,104.5,22.1
68,"N18",2018,"B",3,2810,1,98.7,19.4
69,"N18",2018,"B",3.1,2798,1,94.2,19.4
70,"N18",2018,"B",3,2786,1,92.7,18.9
71,"N18",2018,"B",3,2864,1.033,97,19.9
72,"N18",2018,"B",2.9,2719,1,100.5,NA
73,"N18",2018,"B",3,2828,0.967,100.4,20.3
74,"N18",2018,NA,3,2836,1,NA,NA
75,"N18",2018,"A",3,2763,1,89.8,20.8
76,"N18",2018,"C",3,2774,0.967,106.6,22.1
77,"N18",2018,"C",3,2728,0.967,115.4,NA
78,"N18",2018,NA,2.8,3451,1.333,113.8,23.1
79,"N18",2018,"C",3,2744,1,96.3,20.6
80,"N18",2018,"B",3,2798,1,107.8,NA
81,"N18",2018,"C",3,5755,1.033,108.2,21.2
82,"N18",2018,"B",3,2754,0.967,97,21.5
83,"N18",2018,"B",3,2796,1,93.5,20.4
84,"N18",2018,"C",3,2773,1,103.8,20.6
85,"N18",2018,"B",3,2797,0.967,88.2,19.5
86,"N18",2018,NA,2.8,3426,1.333,110.3,22.1
87,"N18",2018,"B",3,8104,1.033,100.8,NA
88,"N18",2018,"B",3,2784,1.333,96.5,20.4
89,"N18",2018,"A",3,2816,1,81.8,17.4
90,"N18",2018,"A",3.1,2825,0.967,86.8,18.2
91,"N18",2018,"B",3,2762,1,94.8,19.1
92,"N18",2018,"B",3,2799,1,NA,NA
93,"N18",2018,"C",2.9,2644,1,109.8,20.8
94,"N18",2018,NA,2.8,3486,1.333,119.8,22.1
95,"N18",2018,"C",3,2726,1,105.8,21.2
96,"N18",2018,"B",3,2764,1,95.2,19.6
97,"N18",2018,"B",3,2787,1,98.7,20.9
98,"N18",2018,"A",3.1,2854,1,90.7,19.9
99,"N18",2018,"B",3,2785,1,97.2,20.4
100,"N18",2018,NA,2.6,3184,1.333,116.3,22.1
101,"N18",2018,"C",3,2781,1,113.9,21.8
102,"N18",2018,"B",3,2824,1,96.5,19.6
103,"N18",2018,"C",3.1,2762,1,116.8,22.6
104,"N18",2018,"B",3.1,2871,1,99,20.8
105,"N18",2018,"A",3,2763,1,82.5,17.4
106,"N18",2018,"B",3,2763,1,104.2,NA
107,"N18",2018,"B",3,2823,1,95.3,18.6
108,"N18",2018,NA,2.5,3100,1.333,101,24
110,"N18",2018,NA,3,2727,1,97.5,16.1
111,"N18",2018,"B",3,2810,1,96.8,20.1
112,"N18",2018,"C",3,2679,1,106.3,20.7
113,"N18",2018,"C",3,2695,1,104,21.2
114,"N18",2018,"A",3,2810,1.033,87.1,18.4
115,"N18",2018,"B",3,2803,1,95.2,19.3
116,"N18",2018,"A",3,2760,1,85.7,18.1
117,"N18",2018,"A",3.1,2822,1,85.2,18.8
118,"N18",2018,"A",3.1,2805,1,86.3,18.6
119,"N18",2018,"B",3,2701,1,91.8,18.6
120,"N18",2018,"A",3,2754,1,86,18.2
121,"N18",2018,"A",3,2727,0.967,83,17.9
122,"N18",2018,"B",3.1,2821,1,94,18.9
123,"N18",2018,"B",3.1,2832,1,97.3,19.2
124,"N18",2018,"C",2.9,2688,1,107.5,22.1
125,"N18",2018,"B",3,2782,1,92.5,19.1
126,"N18",2018,"B",3,2849,1,90.7,18.7
127,"N18",2018,NA,2.7,3368,1.333,112.9,22.4
128,"N18",2018,"C",3,2675,1,106.7,21.4
129,"N18",2018,"C",3,2752,1,106.9,NA
130,"N18",2018,"B",3.1,4142,1,92.8,19.4
131,"N18",2018,"C",3,2778,1,104.1,20.5
132,"N18",2018,"B",3,2791,1,98,19.8
1,"N19",2019,"A",3,2753,1,NA,NA
2,"N19",2019,"A",2.9,2686,1,NA,NA
3,"N19",2019,"B",3,2796,1,NA,NA
4,"N19",2019,"B",3,NA,1,96.1,17.8
5,"N19",2019,"C",3,NA,1,111,20.6
6,"N19",2019,"B",3,NA,1,99,21.1
7,"N19",2019,"A",2.9,NA,1,88,18.3
8,"N19",2019,"B",3,NA,1,95,19.7
9,"N19",2019,"B",3,NA,1,96.6,20.1
10,"N19",2019,"B",2.9,NA,1,96.5,19.2
11,"N19",2019,"B",3,NA,1,94.9,19.6
12,"N19",2019,"C",2.9,NA,1,104.6,21.1
13,"N19",2019,NA,2.7,NA,1.333,117,21.1
14,"N19",2019,NA,2.7,NA,1.3,103,22.5
15,"N19",2019,"A",3.1,NA,1,86.8,18.6
16,"N19",2019,"B",3,NA,1,91,18.5
17,"N19",2019,"C",3,NA,1,102,21
18,"N19",2019,"B",3,NA,1,93,19.5
19,"N19",2019,NA,2.9,NA,1.333,123,20.6
20,"N19",2019,"C",3,NA,1,102,20.9
21,"N19",2019,"B",3,NA,1,93.6,19.3
22,"N19",2019,"C",3,NA,1,101,20.8
23,"N19",2019,"B",3.1,NA,1,96.4,20.2
24,"N19",2019,"B",3,NA,0.967,97.7,19.7
25,"N19",2019,"C",2.9,NA,1,104,20.2
26,"N19",2019,"C",2.9,NA,1,104,20.7
27,"N19",2019,"B",2.9,NA,1,96,19.3
28,"N19",2019,"C",2.9,NA,1,104,29
29,"N19",2019,"C",2.9,NA,1,104,20.9
30,"N19",2019,"B",2.9,NA,1,97,20.3
31,"N19",2019,"A",3.1,NA,1,81.9,17.8
32,"N19",2019,"B",3,NA,1,96.4,20.1
33,"N19",2019,"B",3,NA,1,98,20
34,"N19",2019,"A",3.1,NA,1,96,20.1
35,"N19",2019,"B",2.9,NA,1,99,19.2
36,"N19",2019,"B",3,NA,3,100,19.8
37,"N19",2019,"B",3,NA,1,98,19.6
38,"N19",2019,"B",3,NA,1,99,19.9
39,"N19",2019,"B",2.9,NA,1,96,19.7
40,"N19",2019,"C",2.9,NA,1,104,21.1
41,"N19",2019,NA,2.9,NA,1.333,111,NA
42,"N19",2019,NA,2.8,NA,1.333,122,21.5
43,"N19",2019,"C",2.9,NA,1,111,21.8
44,"N19",2019,NA,2.8,NA,1.333,112,21.5
45,"N19",2019,"C",2.8,NA,1,103,20.8
46,"N19",2019,"C",2.9,NA,1,110,21.2
47,"N19",2019,"C",2.9,NA,1,113,21.8
48,"N19",2019,"C",2.9,NA,1,111,21.7
49,"N19",2019,"C",2.7,NA,0.967,112,21.1
50,"N19",2019,"C",2.9,NA,1,107,21.2
51,"N19",2019,"C",2.9,NA,1,106,21.3
52,"N19",2019,"B",3,NA,1,110,21
53,"N19",2019,"B",2.9,NA,1,101,20.2
54,"N19",2019,"C",3,NA,1,10.5,21.1
55,"N19",2019,"C",3,NA,1,103,21.1
56,"N19",2019,"A",3,NA,1,86,17.5
57,"N19",2019,"B",3.1,NA,1,99,19.7
58,"N19",2019,"A",3.1,NA,1,83.7,17.1
59,"N19",2019,"B",3,NA,1,95,19.9
60,"N19",2019,"B",3,NA,1,98,19.9
61,"N19",2019,"B",3,NA,1,101,20.4
62,"N19",2019,"A",3,NA,1,90.4,NA
63,"N19",2019,"B",3,NA,1,97.5,20.4
64,"N19",2019,"B",3,NA,1,101.2,19.9
65,"N19",2019,NA,2.9,NA,1.333,148.7,24.7
66,"N19",2019,"B",3,NA,1,98.7,19.9
67,"N19",2019,"B",3,NA,1,94.6,18.1
68,"N19",2019,"B",2.9,NA,1,96.4,29.5
69,"N19",2019,"B",2,NA,1.033,98,20.1
70,"N19",2019,"A",3,NA,1,92.1,19.1
71,"N19",2019,"A",3,NA,0.967,82.7,17.3
72,"N19",2019,"B",3,NA,1,94.2,19.4
73,"N19",2019,"B",3,NA,1,96.2,19.5
74,"N19",2019,"C",2.9,NA,1,104.7,20.6
75,"N19",2019,"B",2.9,NA,1,93,19.2
76,"N19",2019,"C",3,NA,1,103,20.4
77,"N19",2019,NA,2.9,NA,1.333,112.2,21.7
78,"N19",2019,"B",2.8,NA,1,93,19.4
79,"N19",2019,"B",2.9,NA,1,89.5,18.7
80,"N19",2019,"C",3,NA,1,100.1,19.9
81,"N19",2019,"B",3,NA,1,92,19.3
82,"N19",2019,"C",2.4,NA,0.967,112.5,21.5
83,"N19",2019,"C",3,NA,1,100.5,19.9
84,"N19",2019,NA,3.1,NA,0.967,74.1,15.9
85,"N19",2019,"A",3,NA,1,88.1,18.6
86,"N19",2019,"B",2.8,NA,1,95.5,20.2
87,"N19",2019,"C",2.6,NA,1,107.3,21.4
88,"N19",2019,NA,2.8,NA,1.333,118.6,23.5
89,"N19",2019,"C",3,NA,1,107.8,21.6
90,"N19",2019,"B",3,NA,1,93.9,19.1
91,"N19",2019,"B",2.9,NA,1,97.3,19.8
92,"N19",2019,"B",2.7,NA,1,96.9,20.8
93,"N19",2019,"A",3,NA,1,85.1,18
94,"N19",2019,"A",3,NA,1,93.2,19.5
95,"N19",2019,"B",3,NA,1,94,19.1
96,"N19",2019,"C",2.9,NA,1,110.2,21.4
97,"N19",2019,NA,2.9,NA,1.333,123.4,23.4
98,"N19",2019,"B",2.9,NA,1,94.7,19.7
99,"N19",2019,"C",2.9,NA,1,110.5,21.9
100,"N19",2019,"B",2.9,NA,1,94.2,19.9
101,"N19",2019,"B",2.9,NA,1,90.8,18.8
102,"N19",2019,"A",2.9,NA,0.967,86.4,18.7
103,"N19",2019,"C",2.8,NA,1,96.7,19.6
104,"N19",2019,"B",3,NA,1,104.2,21.4
105,"N19",2019,NA,2.7,NA,1.333,106.3,19.6
106,"N19",2019,"A",3,NA,1,90.8,18.6
107,"N19",2019,"B",2.9,NA,1,97.2,19.6
108,"N19",2019,"A",3,NA,1,82.2,16.8
109,"N19",2019,"A",3,NA,1,91,19.2
110,"N19",2019,NA,3.1,NA,1,75.4,17.1
111,"N19",2019,"B",3,NA,1,97.8,20.1
112,"N19",2019,"C",2.6,NA,1,105,20.9
113,"N19",2019,NA,2.6,NA,1.333,117.2,23.4
114,"N19",2019,"A",2.9,NA,1,90.2,18.6
115,"N19",2019,"A",2.9,NA,1,87.2,18.1
116,"N19",2019,"B",2.9,NA,1,96.3,19.4
117,"N19",2019,"B",2.9,NA,1,96.7,19.4
118,"N19",2019,"A",2.7,NA,0.867,88.9,18.7
119,"N19",2019,"B",2.8,NA,1,96.5,19.4
120,"N19",2019,"B",3,NA,1,100.5,19.8
121,"N19",2019,"B",2.7,NA,1,98.2,19.4
122,"N19",2019,"C",2.7,NA,1,112.9,22.6
123,"N19",2019,NA,2.8,NA,1.333,122.2,25.7
124,"N19",2019,"C",2.9,NA,1,106.8,21.6
125,"N19",2019,"C",2.9,NA,1,108.8,22.3
126,"N19",2019,"B",2.9,NA,1,92.2,19.3
127,"N19",2019,NA,2.9,NA,1,71.8,15.6
128,"N19",2019,"A",2.9,NA,1,81.2,17.4
129,"N19",2019,"B",2.9,NA,1,95,19
130,"N19",2019,"C",2.9,NA,1,100.8,20.4
